time,x,y,z,vx,vy,vz,qx,qy,qz,qw,wx,wy,wz,fx_global,fy_global,fz_global,alpha_DEG,beta_DEG,pitch_demand,roll_demand,yaw_demand,pitch_demand_attained,roll_demand_attained,yaw_demand_attained,thrust_setting_demand,thrust_attained
6.017,13.473,429.26991,0.0,29.92068,-2.75646,0.0,0.0,0.0,0.00149,1.0,0.0,0.0,-0.01452,59.97401,3785.78432,0.0,5.33515,-0.0,0.0,0.0,0.0,0.0,0.0,0.0,0.0,0.0
6.034,13.97169,429.2235,0.0,29.92268,-2.81275,0.0,0.0,0.0,0.00137,1.0,0.0,0.0,-0.01756,71.92972,3857.63551,0.0,5.43449,-0.0,0.0,0.0,0.0,0.0,0.0,0.0,0.0,0.0
6.05,14.47042,429.17616,0.0,29.925,-2.86717,0.0,0.0,0.0,0.00122,1.0,0.0,0.0,-0.02068,83.5496,3924.86052,0.0,5.52712,-0.0,0.0,0.0,0.0,0.0,0.0,0.0,0.0,0.0
6.067,14.9692,429.12794,0.0,29.92764,-2.91985,0.0,0.0,0.0,0.00105,1.0,0.0,0.0,-0.02389,94.82461,3987.56257,0.0,5.61321,-0.0,0.0,0.0,0.0,0.0,0.0,0.0,0.0,0.0
6.084,15.46801,429.07885,0.0,29.93057,-2.97091,0.0,0.0,0.0,0.00085,1.0,0.0,0.0,-0.02717,105.74839,4045.84587,0.0,5.6929,-0.0,0.0,0.0,0.0,0.0,0.0,0.0,0.0,0.0
6.1,15.96688,429.02892,0.0,29.9338,-3.02047,0.0,0.0,0.0,0.00063,1.0,0.0,0.0,-0.03053,116.31696,4099.81548,0.0,5.76635,-0.0,0.0,0.0,0.0,0.0,0.0,0.0,0.0,0.0
6.117,16.46581,428.97818,0.0,29.93732,-3.06865,0.0,0.0,0.0,0.00037,1.0,0.0,0.0,-0.03395,126.52853,4149.57714,0.0,5.83371,-0.0,0.0,0.0,0.0,0.0,0.0,0.0,0.0,0.0
6.134,16.9648,428.92664,0.0,29.94111,-3.11556,0.0,0.0,0.0,9.0e-5,1.0,0.0,0.0,-0.03743,136.38324,4195.23723,0.0,5.89515,-0.0,0.0,0.0,0.0,0.0,0.0,0.0,0.0,0.0
6.151,17.46385,428.87434,0.0,29.94516,-3.16131,0.0,0.0,0.0,-0.00022,1.0,0.0,0.0,-0.04096,145.88295,4236.90254,0.0,5.95081,-0.0,0.0,0.0,0.0,0.0,0.0,0.0,0.0,0.0
6.167,17.96297,428.82128,0.0,29.94947,-3.20601,0.0,0.0,0.0,-0.00056,1.0,0.0,0.0,-0.04453,155.03103,4274.68025,0.0,6.00086,-0.0,0.0,0.0,0.0,0.0,0.0,0.0,0.0,0.0
6.184,18.46217,428.76748,0.0,29.95402,-3.24977,0.0,0.0,0.0,-0.00094,1.0,0.0,0.0,-0.04814,163.83217,4308.67775,0.0,6.04545,-0.0,0.0,0.0,0.0,0.0,0.0,0.0,0.0,0.0
6.2,18.96144,428.71296,0.0,29.9588,-3.29269,0.0,0.0,0.0,-0.00134,1.0,0.0,0.0,-0.05178,172.29221,4339.00255,0.0,6.08475,-0.0,0.0,0.0,0.0,0.0,0.0,0.0,0.0,0.0
6.217,19.46079,428.65773,0.0,29.96381,-3.33486,0.0,0.0,0.0,-0.00177,1.0,0.0,0.0,-0.05545,180.41799,4365.76215,0.0,6.11891,-0.0,0.0,0.0,0.0,0.0,0.0,0.0,0.0,0.0
6.234,19.96024,428.6018,0.0,29.96904,-3.37638,0.0,0.0,0.0,-0.00223,1.0,0.0,0.0,-0.05913,188.21713,4389.06395,0.0,6.14809,-0.0,0.0,0.0,0.0,0.0,0.0,0.0,0.0,0.0
6.25,20.45976,428.54519,0.0,29.97448,-3.41736,0.0,0.0,0.0,-0.00272,1.0,0.0,0.0,-0.06284,195.69798,4409.01513,0.0,6.17245,-0.0,0.0,0.0,0.0,0.0,0.0,0.0,0.0,0.0
6.267,20.95939,428.48789,0.0,29.98011,-3.45786,0.0,0.0,0.0,-0.00325,1.0,0.0,0.0,-0.06655,202.86942,4425.72256,0.0,6.19215,-0.0,0.0,0.0,0.0,0.0,0.0,0.0,0.0,0.0
6.284,21.4591,428.42993,0.0,29.98594,-3.49799,0.0,0.0,0.0,-0.0038,0.99999,0.0,0.0,-0.07027,209.74075,4439.29266,0.0,6.20734,-0.0,0.0,0.0,0.0,0.0,0.0,0.0,0.0,0.0
6.3,21.95892,428.37129,0.0,29.99195,-3.53783,0.0,0.0,0.0,-0.00439,0.99999,0.0,0.0,-0.07398,216.32161,4449.83137,0.0,6.21819,-0.0,0.0,0.0,0.0,0.0,0.0,0.0,0.0,0.0
6.317,22.45884,428.312,0.0,29.99813,-3.57746,0.0,0.0,0.0,-0.005,0.99999,0.0,0.0,-0.0777,222.62185,4457.44399,0.0,6.22484,-0.0,0.0,0.0,0.0,0.0,0.0,0.0,0.0,0.0
6.334,22.95886,428.25205,0.0,30.00448,-3.61695,0.0,0.0,0.0,-0.00565,0.99999,0.0,0.0,-0.0814,228.65148,4462.23511,0.0,6.22745,-0.0,0.0,0.0,0.0,0.0,0.0,0.0,0.0,0.0
6.35,23.45899,428.19144,0.0,30.011,-3.65639,0.0,0.0,0.0,-0.00633,0.99998,0.0,0.0,-0.08509,234.42052,4464.30855,0.0,6.22618,-0.0,0.0,0.0,0.0,0.0,0.0,0.0,0.0,0.0
6.351,23.45899,428.19144,0.0,30.011,-3.65639,0.0,0.0,0.0,-0.00633,0.99998,0.0,0.0,-0.08509,234.42052,4464.30855,0.0,6.22618,-0.0,0.0,0.0,0.0,0.0,0.0,0.0,0.0,0.0
6.384,23.95923,428.13017,0.0,30.01766,-3.69584,0.0,0.0,0.0,-0.00704,0.99998,0.0,0.0,-0.08876,239.939,4463.76723,0.0,6.22117,-0.0,0.0,0.0,0.0,0.0,0.0,0.0,0.0,0.0
6.4,24.45958,428.06824,0.0,30.02447,-3.73537,0.0,0.0,0.0,-0.00778,0.99997,0.0,0.0,-0.09241,245.21687,4460.71311,0.0,6.21257,-0.0,0.0,0.0,0.0,0.0,0.0,0.0,0.0,0.0
6.417,24.96004,428.00565,0.0,30.03142,-3.77506,0.0,0.0,0.0,-0.00855,0.99997,0.0,0.0,-0.09604,250.26394,4455.24713,0.0,6.20054,-0.0,0.0,0.0,0.0,0.0,0.0,0.0,0.0,0.0
6.434,25.46063,427.9424,0.0,30.03851,-3.81496,0.0,0.0,0.0,-0.00935,0.99996,0.0,0.0,-0.09964,255.08982,4447.46909,0.0,6.18522,-0.0,0.0,0.0,0.0,0.0,0.0,0.0,0.0,0.0
6.45,25.96133,427.87849,0.0,30.04572,-3.85514,0.0,0.0,0.0,-0.01018,0.99995,0.0,0.0,-0.1032,259.70392,4437.47763,0.0,6.16675,-0.0,0.0,0.0,0.0,0.0,0.0,0.0,0.0,0.0
6.467,26.46215,427.8139,0.0,30.05306,-3.89566,0.0,0.0,0.0,-0.01104,0.99994,0.0,0.0,-0.10673,264.11538,4425.37011,0.0,6.14528,-0.0,0.0,0.0,0.0,0.0,0.0,0.0,0.0,0.0
6.484,26.9631,427.74863,0.0,30.06052,-3.93657,0.0,0.0,0.0,-0.01193,0.99993,0.0,0.0,-0.11022,268.33306,4411.24261,0.0,6.12094,-0.0,0.0,0.0,0.0,0.0,0.0,0.0,0.0,0.0
6.501,27.46417,427.68267,0.0,30.06808,-3.97793,0.0,0.0,0.0,-0.01285,0.99992,0.0,0.0,-0.11367,272.36552,4395.18982,0.0,6.09388,-0.0,0.0,0.0,0.0,0.0,0.0,0.0,0.0,0.0
6.517,27.96537,427.61603,0.0,30.07575,-4.01978,0.0,0.0,0.0,-0.01379,0.99991,0.0,0.0,-0.11708,276.22098,4377.30497,0.0,6.06424,-0.0,0.0,0.0,0.0,0.0,0.0,0.0,0.0,0.0
6.534,28.4667,427.54868,0.0,30.08353,-4.06218,0.0,0.0,0.0,-0.01477,0.9999,0.0,0.0,-0.12043,279.90733,4357.67986,0.0,6.03214,-0.0,0.0,0.0,0.0,0.0,0.0,0.0,0.0,0.0
6.55,28.96815,427.48061,0.0,30.0914,-4.10517,0.0,0.0,0.0,-0.01577,0.99988,0.0,0.0,-0.12374,283.43215,4336.4047,0.0,5.99771,-0.0,0.0,0.0,0.0,0.0,0.0,0.0,0.0,0.0
6.567,29.46974,427.41183,0.0,30.09937,-4.14879,0.0,0.0,0.0,-0.0168,0.99987,0.0,0.0,-0.127,286.80262,4313.56817,0.0,5.96109,-0.0,0.0,0.0,0.0,0.0,0.0,0.0,0.0,0.0
6.583,29.97147,427.34232,0.0,30.10742,-4.19309,0.0,0.0,0.0,-0.01786,0.99985,0.0,0.0,-0.1302,290.02563,4289.25729,0.0,5.9224,-0.0,0.0,0.0,0.0,0.0,0.0,0.0,0.0,0.0
6.6,30.47332,427.27206,0.0,30.11557,-4.2381,0.0,0.0,0.0,-0.01895,0.99983,0.0,0.0,-0.13335,293.10769,4263.55744,0.0,5.88177,-0.0,0.0,0.0,0.0,0.0,0.0,0.0,0.0,0.0
6.617,30.97532,427.20104,0.0,30.12379,-4.28386,0.0,0.0,0.0,-0.02006,0.99981,0.0,0.0,-0.13644,296.05501,4236.5523,0.0,5.83931,-0.0,0.0,0.0,0.0,0.0,0.0,0.0,0.0,0.0
6.634,31.47745,427.12925,0.0,30.13209,-4.33041,0.0,0.0,0.0,-0.02119,0.99978,0.0,0.0,-0.13947,298.87344,4208.32383,0.0,5.79515,-0.0,0.0,0.0,0.0,0.0,0.0,0.0,0.0,0.0
6.65,31.97972,427.05669,0.0,30.14047,-4.37777,0.0,0.0,0.0,-0.02236,0.99976,0.0,0.0,-0.14243,301.56853,4178.95222,0.0,5.7494,-0.0,0.0,0.0,0.0,0.0,0.0,0.0,0.0,0.0
6.667,32.48213,426.98332,0.0,30.14892,-4.42598,0.0,0.0,0.0,-0.02354,0.99973,0.0,0.0,-0.14534,304.14556,4148.51589,0.0,5.70217,-0.0,0.0,0.0,0.0,0.0,0.0,0.0,0.0,0.0
6.684,32.98469,426.90915,0.0,30.15743,-4.47506,0.0,0.0,0.0,-0.02475,0.9997,0.0,0.0,-0.14818,306.60947,4117.09145,0.0,5.65357,-0.0,0.0,0.0,0.0,0.0,0.0,0.0,0.0,0.0
6.701,33.48738,426.83415,0.0,30.16602,-4.52504,0.0,0.0,0.0,-0.02599,0.99967,0.0,0.0,-0.15096,308.96498,4084.75369,0.0,5.60372,-0.0,0.0,0.0,0.0,0.0,0.0,0.0,0.0,0.0
6.717,33.99022,426.7583,0.0,30.17466,-4.57594,0.0,0.0,0.0,-0.02725,0.99964,0.0,0.0,-0.15367,311.21653,4051.57556,0.0,5.55272,-0.0,0.0,0.0,0.0,0.0,0.0,0.0,0.0,0.0
6.734,34.4932,426.68161,0.0,30.18337,-4.62778,0.0,0.0,0.0,-0.02853,0.99961,0.0,0.0,-0.15631,313.36833,4017.62816,0.0,5.50066,-0.0,0.0,0.0,0.0,0.0,0.0,0.0,0.0,0.0
6.75,34.99633,426.60404,0.0,30.19213,-4.68059,0.0,0.0,0.0,-0.02983,0.99957,0.0,0.0,-0.15888,315.42437,3982.98074,0.0,5.44765,-0.0,0.0,0.0,0.0,0.0,0.0,0.0,0.0,0.0
6.767,35.49961,426.52558,0.0,30.20094,-4.73437,0.0,0.0,0.0,-0.03115,0.99953,0.0,0.0,-0.16138,317.38847,3947.70066,0.0,5.39378,-0.0,0.0,0.0,0.0,0.0,0.0,0.0,0.0,0.0
6.784,36.00303,426.44622,0.0,30.20981,-4.78915,0.0,0.0,0.0,-0.0325,0.99949,0.0,0.0,-0.16382,319.26423,3911.85341,0.0,5.33915,-0.0,0.0,0.0,0.0,0.0,0.0,0.0,0.0,0.0
6.8,36.5066,426.36593,0.0,30.21873,-4.84494,0.0,0.0,0.0,-0.03386,0.99944,0.0,0.0,-0.16618,321.05513,3875.50261,0.0,5.28385,-0.0,0.0,0.0,0.0,0.0,0.0,0.0,0.0,0.0
6.817,37.01032,426.28471,0.0,30.2277,-4.90176,0.0,0.0,0.0,-0.03524,0.9994,0.0,0.0,-0.16848,322.76448,3838.71001,0.0,5.22796,-0.0,0.0,0.0,0.0,0.0,0.0,0.0,0.0,0.0
6.834,37.51419,426.20253,0.0,30.23671,-4.9596,0.0,0.0,0.0,-0.03665,0.99935,0.0,0.0,-0.1707,324.39549,3801.53546,0.0,5.17157,-0.0,0.0,0.0,0.0,0.0,0.0,0.0,0.0,0.0
6.851,38.01821,426.11938,0.0,30.24576,-5.01849,0.0,0.0,0.0,-0.03807,0.9993,0.0,0.0,-0.17285,325.95126,3764.03695,0.0,5.11477,-0.0,0.0,0.0,0.0,0.0,0.0,0.0,0.0,0.0
6.867,38.52239,426.03524,0.0,30.25486,-5.07843,0.0,0.0,0.0,-0.03951,0.99924,0.0,0.0,-0.17492,327.4348,3726.27062,0.0,5.05763,-0.0,0.0,0.0,0.0,0.0,0.0,0.0,0.0,0.0
6.884,39.02671,425.95009,0.0,30.26399,-5.13942,0.0,0.0,0.0,-0.04096,0.99918,0.0,0.0,-0.17693,328.84904,3688.29074,0.0,5.00023,-0.0,0.0,0.0,0.0,0.0,0.0,0.0,0.0,0.0
6.901,39.53119,425.86392,0.0,30.27316,-5.20147,0.0,0.0,0.0,-0.04244,0.99912,0.0,0.0,-0.17886,330.19689,3650.14974,0.0,4.94264,-0.0,0.0,0.0,0.0,0.0,0.0,0.0,0.0,0.0
6.917,40.03582,425.7767,0.0,30.28237,-5.26458,0.0,0.0,0.0,-0.04393,0.99906,0.0,0.0,-0.18073,331.48119,3611.89822,0.0,4.88493,-0.0,0.0,0.0,0.0,0.0,0.0,0.0,0.0,0.0
6.934,40.5406,425.68842,0.0,30.29161,-5.32876,0.0,0.0,0.0,-0.04543,0.99899,0.0,0.0,-0.18252,332.70478,3573.58494,0.0,4.82718,-0.0,0.0,0.0,0.0,0.0,0.0,0.0,0.0,0.0
6.95,41.04554,425.59907,0.0,30.30089,-5.394,0.0,0.0,0.0,-0.04695,0.99892,0.0,0.0,-0.18423,333.87046,3535.25688,0.0,4.76944,-0.0,0.0,0.0,0.0,0.0,0.0,0.0,0.0,0.0
6.967,41.55063,425.50861,0.0,30.31019,-5.46031,0.0,0.0,0.0,-0.04848,0.99885,0.0,0.0,-0.18588,334.98107,3496.95923,0.0,4.71178,-0.0,0.0,0.0,0.0,0.0,0.0,0.0,0.0,0.0
6.984,42.05588,425.41705,0.0,30.31953,-5.52768,0.0,0.0,0.0,-0.05003,0.99878,0.0,0.0,-0.18745,336.03944,3458.73542,0.0,4.65427,-0.0,0.0,0.0,0.0,0.0,0.0,0.0,0.0,0.0
7.0,42.56128,425.32435,0.0,30.32889,-5.59611,0.0,0.0,0.0,-0.05159,0.9987,0.0,0.0,-0.18896,337.04842,3420.62711,0.0,4.59696,-0.0,0.0,0.0,0.0,0.0,0.0,0.0,0.0,0.0
7.017,43.06684,425.2305,0.0,30.33828,-5.66559,0.0,0.0,0.0,-0.05316,0.99862,0.0,0.0,-0.19039,338.01091,3382.67425,0.0,4.5399,-0.0,0.0,0.0,0.0,0.0,0.0,0.0,0.0,0.0
7.034,43.57256,425.13549,0.0,30.34769,-5.73612,0.0,0.0,0.0,-0.05475,0.99853,0.0,0.0,-0.19176,338.92984,3344.91509,0.0,4.48315,-0.0,0.0,0.0,0.0,0.0,0.0,0.0,0.0,0.0
7.05,44.07843,425.03929,0.0,30.35713,-5.80769,0.0,0.0,0.0,-0.05634,0.99845,0.0,0.0,-0.19305,339.8082,3307.38619,0.0,4.42675,-0.0,0.0,0.0,0.0,0.0,0.0,0.0,0.0,0.0
7.067,44.58446,424.94189,0.0,30.3666,-5.8803,0.0,0.0,0.0,-0.05795,0.99835,0.0,0.0,-0.19428,340.64901,3270.12246,0.0,4.37076,-0.0,0.0,0.0,0.0,0.0,0.0,0.0,0.0,0.0
7.084,45.09065,424.84327,0.0,30.37608,-5.95393,0.0,0.0,0.0,-0.05957,0.99826,0.0,0.0,-0.19544,341.45539,3233.15719,0.0,4.31523,-0.0,0.0,0.0,0.0,0.0,0.0,0.0,0.0,0.0
7.1,45.597,424.74342,0.0,30.38559,-6.02858,0.0,0.0,0.0,-0.06119,0.99816,0.0,0.0,-0.19653,342.23048,3196.52205,0.0,4.26019,-0.0,0.0,0.0,0.0,0.0,0.0,0.0,0.0,0.0
7.117,46.1035,424.64231,0.0,30.39511,-6.10424,0.0,0.0,0.0,-0.06283,0.99806,0.0,0.0,-0.19755,342.97752,3160.24715,0.0,4.20568,-0.0,0.0,0.0,0.0,0.0,0.0,0.0,0.0,0.0
7.134,46.61017,424.53993,0.0,30.40466,-6.1809,0.0,0.0,0.0,-0.06447,0.99796,0.0,0.0,-0.19851,343.69981,3124.36104,0.0,4.15175,-0.0,0.0,0.0,0.0,0.0,0.0,0.0,0.0,0.0
7.15,47.11699,424.43627,0.0,30.41423,-6.25854,0.0,0.0,0.0,-0.06612,0.99785,0.0,0.0,-0.1994,344.4007,3088.89078,0.0,4.09842,-0.0,0.0,0.0,0.0,0.0,0.0,0.0,0.0,0.0
7.167,47.62398,424.33131,0.0,30.42381,-6.33715,0.0,0.0,0.0,-0.06778,0.99774,0.0,0.0,-0.20023,345.08364,3053.8619,0.0,4.04575,-0.0,0.0,0.0,0.0,0.0,0.0,0.0,0.0,0.0
7.184,48.13112,424.22502,0.0,30.43342,-6.41673,0.0,0.0,0.0,-0.06944,0.99763,0.0,0.0,-0.201,345.75213,3019.29849,0.0,3.99374,-0.0,0.0,0.0,0.0,0.0,0.0,0.0,0.0,0.0
7.201,48.63842,424.11741,0.0,30.44304,-6.49725,0.0,0.0,0.0,-0.07111,0.99751,0.0,0.0,-0.2017,346.40974,2985.22323,0.0,3.94245,-0.0,0.0,0.0,0.0,0.0,0.0,0.0,0.0,0.0
7.217,49.14589,424.00844,0.0,30.45268,-6.5787,0.0,0.0,0.0,-0.07279,0.99739,0.0,0.0,-0.20234,347.06012,2951.65738,0.0,3.89189,-0.0,0.0,0.0,0.0,0.0,0.0,0.0,0.0,0.0
7.234,49.65351,423.89811,0.0,30.46234,-6.66108,0.0,0.0,0.0,-0.07447,0.99727,0.0,0.0,-0.20292,347.70697,2918.62084,0.0,3.84208,-0.0,0.0,0.0,0.0,0.0,0.0,0.0,0.0,0.0
7.25,50.1613,423.7864,0.0,30.47202,-6.74435,0.0,0.0,0.0,-0.07616,0.99715,0.0,0.0,-0.20344,348.35405,2886.13217,0.0,3.79307,-0.0,0.0,0.0,0.0,0.0,0.0,0.0,0.0,0.0
7.267,50.66925,423.67329,0.0,30.48171,-6.82851,0.0,0.0,0.0,-0.07785,0.99702,0.0,0.0,-0.20391,349.00518,2854.20864,0.0,3.74485,-0.0,0.0,0.0,0.0,0.0,0.0,0.0,0.0,0.0
7.284,51.17736,423.55877,0.0,30.49142,-6.91354,0.0,0.0,0.0,-0.07954,0.99688,0.0,0.0,-0.20431,349.66422,2822.86623,0.0,3.69747,-0.0,0.0,0.0,0.0,0.0,0.0,0.0,0.0,0.0
7.301,51.68563,423.44283,0.0,30.50116,-6.99943,0.0,0.0,0.0,-0.08124,0.99675,0.0,0.0,-0.20466,350.3351,2792.1197,0.0,3.65093,-0.0,0.0,0.0,0.0,0.0,0.0,0.0,0.0,0.0
7.301,51.68563,423.44283,0.0,30.50116,-6.99943,0.0,0.0,0.0,-0.08124,0.99675,0.0,0.0,-0.20466,350.3351,2792.1197,0.0,3.65093,-0.0,0.0,0.0,0.0,0.0,0.0,0.0,0.0,0.0
7.334,52.19406,423.32545,0.0,30.51091,-7.08615,0.0,0.0,0.0,-0.08294,0.99661,0.0,0.0,-0.20496,351.02177,2761.98261,0.0,3.60525,-0.0,0.0,0.0,0.0,0.0,0.0,0.0,0.0,0.0
7.35,52.70266,423.20662,0.0,30.52068,-7.17369,0.0,0.0,0.0,-0.08464,0.99647,0.0,0.0,-0.2052,351.7282,2732.46731,0.0,3.56044,-0.0,0.0,0.0,0.0,0.0,0.0,0.0,0.0,0.0
7.367,53.21142,423.08632,0.0,30.53047,-7.26204,0.0,0.0,0.0,-0.08635,0.99632,0.0,0.0,-0.20539,352.45842,2703.58504,0.0,3.51653,-0.0,0.0,0.0,0.0,0.0,0.0,0.0,0.0,0.0
7.384,53.72034,422.96455,0.0,30.54028,-7.35117,0.0,0.0,0.0,-0.08805,0.99618,0.0,0.0,-0.20552,353.21646,2675.34593,0.0,3.47351,-0.0,0.0,0.0,0.0,0.0,0.0,0.0,0.0,0.0
7.401,54.22943,422.84128,0.0,30.55011,-7.44106,0.0,0.0,0.0,-0.08976,0.99603,0.0,0.0,-0.20561,354.00637,2647.75901,0.0,3.43141,-0.0,0.0,0.0,0.0,0.0,0.0,0.0,0.0,0.0
7.417,54.73868,422.7165,0.0,30.55997,-7.5317,0.0,0.0,0.0,-0.09146,0.99587,0.0,0.0,-0.20564,354.8322,2620.83229,0.0,3.39023,-0.0,0.0,0.0,0.0,0.0,0.0,0.0,0.0,0.0
7.434,55.24809,422.59021,0.0,30.56985,-7.62308,0.0,0.0,0.0,-0.09317,0.99572,0.0,0.0,-0.20563,355.698,2594.57275,0.0,3.34997,-0.0,0.0,0.0,0.0,0.0,0.0,0.0,0.0,0.0
7.45,55.75767,422.4624,0.0,30.57975,-7.71516,0.0,0.0,0.0,-0.09488,0.99556,0.0,0.0,-0.20557,356.60781,2568.98642,0.0,3.31065,-0.0,0.0,0.0,0.0,0.0,0.0,0.0,0.0,0.0
7.467,56.26742,422.33304,0.0,30.58969,-7.80794,0.0,0.0,0.0,-0.09658,0.99539,0.0,0.0,-0.20546,357.56565,2544.07833,0.0,3.27227,-0.0,0.0,0.0,0.0,0.0,0.0,0.0,0.0,0.0
7.484,56.77733,422.20213,0.0,30.59965,-7.90138,0.0,0.0,0.0,-0.09829,0.99523,0.0,0.0,-0.20531,358.57554,2519.85265,0.0,3.23482,-0.0,0.0,0.0,0.0,0.0,0.0,0.0,0.0,0.0
7.5,57.28741,422.06965,0.0,30.60964,-7.99549,0.0,0.0,0.0,-0.09999,0.99506,0.0,0.0,-0.20512,359.64143,2496.31262,0.0,3.19832,-0.0,0.0,0.0,0.0,0.0,0.0,0.0,0.0,0.0
7.501,57.28741,422.06965,0.0,30.60964,-7.99549,0.0,0.0,0.0,-0.09999,0.99506,0.0,0.0,-0.20512,359.64143,2496.31262,0.0,3.19832,-0.0,0.0,0.0,0.0,0.0,0.0,0.0,0.0,0.0
7.534,57.79765,421.9356,0.0,30.61966,-8.09022,0.0,0.0,0.0,-0.10169,0.99489,0.0,0.0,-0.20488,360.76725,2473.46064,0.0,3.16277,-0.0,0.0,0.0,0.0,0.0,0.0,0.0,0.0,0.0
7.551,58.30806,421.79997,0.0,30.62971,-8.18557,0.0,0.0,0.0,-0.10339,0.99472,0.0,0.0,-0.2046,361.95689,2451.29831,0.0,3.12815,-0.0,0.0,0.0,0.0,0.0,0.0,0.0,0.0,0.0
7.567,58.81864,421.66275,0.0,30.6398,-8.28152,0.0,0.0,0.0,-0.10508,0.99454,0.0,0.0,-0.20428,363.21416,2429.82641,0.0,3.09448,-0.0,0.0,0.0,0.0,0.0,0.0,0.0,0.0,0.0
7.584,59.32939,421.52392,0.0,30.64993,-8.37805,0.0,0.0,0.0,-0.10678,0.99436,0.0,0.0,-0.20393,364.54283,2409.04497,0.0,3.06174,-0.0,0.0,0.0,0.0,0.0,0.0,0.0,0.0,0.0
7.6,59.84031,421.38347,0.0,30.66009,-8.47513,0.0,0.0,0.0,-0.10847,0.99418,0.0,0.0,-0.20353,365.94659,2388.95327,0.0,3.02995,-0.0,0.0,0.0,0.0,0.0,0.0,0.0,0.0,0.0
7.617,60.35139,421.24141,0.0,30.6703,-8.57276,0.0,0.0,0.0,-0.11015,0.99399,0.0,0.0,-0.2031,367.42905,2369.54991,0.0,2.99908,-0.0,0.0,0.0,0.0,0.0,0.0,0.0,0.0,0.0
7.634,60.86265,421.09771,0.0,30.68055,-8.6709,0.0,0.0,0.0,-0.11184,0.99381,0.0,0.0,-0.20263,368.99375,2350.83281,0.0,2.96914,-0.0,0.0,0.0,0.0,0.0,0.0,0.0,0.0,0.0
7.65,61.37408,420.95237,0.0,30.69085,-8.76955,0.0,0.0,0.0,-0.11351,0.99362,0.0,0.0,-0.20213,370.64412,2332.79924,0.0,2.94011,-0.0,0.0,0.0,0.0,0.0,0.0,0.0,0.0,0.0
7.667,61.88568,420.80539,0.0,30.70119,-8.86867,0.0,0.0,0.0,-0.11519,0.99343,0.0,0.0,-0.20159,372.38351,2315.44585,0.0,2.912,-0.0,0.0,0.0,0.0,0.0,0.0,0.0,0.0,0.0
7.684,62.39745,420.65675,0.0,30.71158,-8.96826,0.0,0.0,0.0,-0.11686,0.99323,0.0,0.0,-0.20102,374.21515,2298.76872,0.0,2.88479,-0.0,0.0,0.0,0.0,0.0,0.0,0.0,0.0,0.0
7.7,62.9094,420.50644,0.0,30.72203,-9.0683,0.0,0.0,0.0,-0.11852,0.99304,0.0,0.0,-0.20042,376.14219,2282.76335,0.0,2.85848,-0.0,0.0,0.0,0.0,0.0,0.0,0.0,0.0,0.0
7.717,63.42152,420.35447,0.0,30.73254,-9.16876,0.0,0.0,0.0,-0.12018,0.99284,0.0,0.0,-0.19979,378.16763,2267.42472,0.0,2.83305,-0.0,0.0,0.0,0.0,0.0,0.0,0.0,0.0,0.0
7.734,63.93382,420.20081,0.0,30.7431,-9.26962,0.0,0.0,0.0,-0.12183,0.99264,0.0,0.0,-0.19913,380.29437,2252.74729,0.0,2.8085,-0.0,0.0,0.0,0.0,0.0,0.0,0.0,0.0,0.0
7.75,64.44629,420.04548,0.0,30.75373,-9.37088,0.0,0.0,0.0,-0.12348,0.99244,0.0,0.0,-0.19845,382.52518,2238.72504,0.0,2.78481,-0.0,0.0,0.0,0.0,0.0,0.0,0.0,0.0,0.0
7.767,64.95894,419.88845,0.0,30.76442,-9.47251,0.0,0.0,0.0,-0.12512,0.99223,0.0,0.0,-0.19773,384.86272,2225.35151,0.0,2.76197,-0.0,0.0,0.0,0.0,0.0,0.0,0.0,0.0,0.0
7.784,65.47177,419.72972,0.0,30.77518,-9.57449,0.0,0.0,0.0,-0.12675,0.99203,0.0,0.0,-0.197,387.3095,2212.61978,0.0,2.73998,-0.0,0.0,0.0,0.0,0.0,0.0,0.0,0.0,0.0
7.8,65.98478,419.5693,0.0,30.78601,-9.67681,0.0,0.0,0.0,-0.12838,0.99182,0.0,0.0,-0.19623,389.86788,2200.52257,0.0,2.71881,-0.0,0.0,0.0,0.0,0.0,0.0,0.0,0.0,0.0
7.817,66.49797,419.40716,0.0,30.79691,-9.77945,0.0,0.0,0.0,-0.13,0.99161,0.0,0.0,-0.19544,392.5401,2189.05216,0.0,2.69846,-0.0,0.0,0.0,0.0,0.0,0.0,0.0,0.0,0.0
7.834,67.01135,419.24331,0.0,30.80789,-9.88239,0.0,0.0,0.0,-0.13162,0.9914,0.0,0.0,-0.19463,395.32826,2178.20053,0.0,2.67892,-0.0,0.0,0.0,0.0,0.0,0.0,0.0,0.0,0.0
7.85,67.5249,419.07775,0.0,30.81895,-9.98561,0.0,0.0,0.0,-0.13323,0.99119,0.0,0.0,-0.1938,398.2343,2167.95928,0.0,2.66016,-0.0,0.0,0.0,0.0,0.0,0.0,0.0,0.0,0.0
7.867,68.03864,418.91046,0.0,30.8301,-10.0891,0.0,0.0,0.0,-0.13483,0.99097,0.0,0.0,-0.19295,401.26003,2158.31972,0.0,2.64217,-0.0,0.0,0.0,0.0,0.0,0.0,0.0,0.0,0.0
7.884,68.55257,418.74144,0.0,30.84133,-10.19284,0.0,0.0,0.0,-0.13642,0.99075,0.0,0.0,-0.19208,404.40709,2149.27286,0.0,2.62495,-0.0,0.0,0.0,0.0,0.0,0.0,0.0,0.0,0.0
7.9,69.06669,418.57069,0.0,30.85266,-10.29682,0.0,0.0,0.0,-0.13801,0.99054,0.0,0.0,-0.19119,407.67698,2140.80945,0.0,2.60847,-0.0,0.0,0.0,0.0,0.0,0.0,0.0,0.0,0.0
7.917,69.581,418.39821,0.0,30.86408,-10.40102,0.0,0.0,0.0,-0.13958,0.99032,0.0,0.0,-0.19028,411.07104,2132.91998,0.0,2.59272,-0.0,0.0,0.0,0.0,0.0,0.0,0.0,0.0,0.0
7.933,70.09549,418.22399,0.0,30.87559,-10.50542,0.0,0.0,0.0,-0.14115,0.99009,0.0,0.0,-0.18935,414.59047,2125.59473,0.0,2.57768,-0.0,0.0,0.0,0.0,0.0,0.0,0.0,0.0,0.0
7.95,70.61018,418.04803,0.0,30.88721,-10.61,0.0,0.0,0.0,-0.14272,0.98987,0.0,0.0,-0.18841,418.23631,2118.82376,0.0,2.56335,-0.0,0.0,0.0,0.0,0.0,0.0,0.0,0.0,0.0
7.967,71.12507,417.87032,0.0,30.89893,-10.71476,0.0,0.0,0.0,-0.14427,0.98965,0.0,0.0,-0.18745,422.00943,2112.59693,0.0,2.54969,-0.0,0.0,0.0,0.0,0.0,0.0,0.0,0.0,0.0
7.984,71.64015,417.69087,0.0,30.91076,-10.81968,0.0,0.0,0.0,-0.14582,0.98942,0.0,0.0,-0.18648,425.91058,2106.90396,0.0,2.53671,-0.0,0.0,0.0,0.0,0.0,0.0,0.0,0.0,0.0
8.0,72.15543,417.50967,0.0,30.92271,-10.92475,0.0,0.0,0.0,-0.14735,0.9892,0.0,0.0,-0.18549,429.94033,2101.73439,0.0,2.52437,-0.0,0.0,0.0,0.0,0.0,0.0,0.0,0.0,0.0
8.017,72.67091,417.32671,0.0,30.93476,-11.02994,0.0,0.0,0.0,-0.14888,0.98897,0.0,0.0,-0.18449,434.09911,2097.07765,0.0,2.51267,-0.0,0.0,0.0,0.0,0.0,0.0,0.0,0.0,0.0
8.034,73.18659,417.142,0.0,30.94694,-11.13525,0.0,0.0,0.0,-0.1504,0.98874,0.0,0.0,-0.18348,438.38718,2092.92302,0.0,2.50159,-0.0,0.0,0.0,0.0,0.0,0.0,0.0,0.0,0.0
8.051,73.70247,416.95553,0.0,30.95924,-11.24065,0.0,0.0,0.0,-0.15191,0.98851,0.0,0.0,-0.18246,442.80468,2089.25973,0.0,2.49111,-0.0,0.0,0.0,0.0,0.0,0.0,0.0,0.0,0.0
8.067,74.21856,416.76731,0.0,30.97167,-11.34615,0.0,0.0,0.0,-0.15342,0.98828,0.0,0.0,-0.18142,447.35158,2086.07688,0.0,2.48121,-0.0,0.0,0.0,0.0,0.0,0.0,0.0,0.0,0.0
8.084,74.73486,416.57733,0.0,30.98422,-11.45173,0.0,0.0,0.0,-0.15491,0.98805,0.0,0.0,-0.18038,452.02772,2083.36354,0.0,2.47189,-0.0,0.0,0.0,0.0,0.0,0.0,0.0,0.0,0.0
8.1,75.25137,416.38559,0.0,30.99691,-11.55736,0.0,0.0,0.0,-0.1564,0.98781,0.0,0.0,-0.17933,456.83279,2081.10869,0.0,2.46311,-0.0,0.0,0.0,0.0,0.0,0.0,0.0,0.0,0.0
8.117,75.76809,416.19208,0.0,31.00974,-11.66305,0.0,0.0,0.0,-0.15787,0.98758,0.0,0.0,-0.17827,461.76632,2079.3013,0.0,2.45487,-0.0,0.0,0.0,0.0,0.0,0.0,0.0,0.0,0.0
8.134,76.28503,415.99682,0.0,31.02271,-11.76877,0.0,0.0,0.0,-0.15934,0.98734,0.0,0.0,-0.1772,466.82774,2077.9303,0.0,2.44716,-0.0,0.0,0.0,0.0,0.0,0.0,0.0,0.0,0.0
8.151,76.80219,415.79979,0.0,31.03582,-11.87452,0.0,0.0,0.0,-0.1608,0.98711,0.0,0.0,-0.17612,472.01632,2076.98464,0.0,2.43994,-0.0,0.0,0.0,0.0,0.0,0.0,0.0,0.0,0.0
8.167,77.31956,415.601,0.0,31.04908,-11.98029,0.0,0.0,0.0,-0.16224,0.98687,0.0,0.0,-0.17504,477.3312,2076.45322,0.0,2.43322,-0.0,0.0,0.0,0.0,0.0,0.0,0.0,0.0,0.0
8.184,77.83716,415.40045,0.0,31.06249,-12.08605,0.0,0.0,0.0,-0.16368,0.98664,0.0,0.0,-0.17395,482.77141,2076.32501,0.0,2.42696,-0.0,0.0,0.0,0.0,0.0,0.0,0.0,0.0,0.0
8.202,78.35498,415.19813,0.0,31.07605,-12.19182,0.0,0.0,0.0,-0.16511,0.9864,0.0,0.0,-0.17286,488.33583,2076.58898,0.0,2.42116,-0.0,0.0,0.0,0.0,0.0,0.0,0.0,0.0,0.0
8.203,78.35498,415.19813,0.0,31.07605,-12.19182,0.0,0.0,0.0,-0.16511,0.9864,0.0,0.0,-0.17286,488.33583,2076.58898,0.0,2.42116,-0.0,0.0,0.0,0.0,0.0,0.0,0.0,0.0,0.0
8.234,78.87303,414.99405,0.0,31.08978,-12.29756,0.0,0.0,0.0,-0.16653,0.98616,0.0,0.0,-0.17176,494.02324,2077.23413,0.0,2.4158,-0.0,0.0,0.0,0.0,0.0,0.0,0.0,0.0,0.0
8.25,79.3913,414.78821,0.0,31.10366,-12.40327,0.0,0.0,0.0,-0.16795,0.98592,0.0,0.0,-0.17066,499.8323,2078.24955,0.0,2.41086,-0.0,0.0,0.0,0.0,0.0,0.0,0.0,0.0,0.0
8.267,79.90982,414.58061,0.0,31.11771,-12.50895,0.0,0.0,0.0,-0.16935,0.98568,0.0,0.0,-0.16955,505.76154,2079.62434,0.0,2.40633,-0.0,0.0,0.0,0.0,0.0,0.0,0.0,0.0,0.0
8.284,80.42856,414.37125,0.0,31.13193,-12.61458,0.0,0.0,0.0,-0.17074,0.98545,0.0,0.0,-0.16844,511.80942,2081.34772,0.0,2.40219,-0.0,0.0,0.0,0.0,0.0,0.0,0.0,0.0,0.0
8.3,80.94755,414.16013,0.0,31.14632,-12.72015,0.0,0.0,0.0,-0.17212,0.98521,0.0,0.0,-0.16733,517.97426,2083.40895,0.0,2.39843,-0.0,0.0,0.0,0.0,0.0,0.0,0.0,0.0,0.0
8.317,81.46677,413.94724,0.0,31.16088,-12.82566,0.0,0.0,0.0,-0.1735,0.98497,0.0,0.0,-0.16622,524.2543,2085.79742,0.0,2.39502,-0.0,0.0,0.0,0.0,0.0,0.0,0.0,0.0,0.0
8.334,81.98625,413.7326,0.0,31.17562,-12.93109,0.0,0.0,0.0,-0.17486,0.98473,0.0,0.0,-0.1651,530.64769,2088.5026,0.0,2.39197,-0.0,0.0,0.0,0.0,0.0,0.0,0.0,0.0,0.0
8.35,82.50596,413.51621,0.0,31.19054,-13.03643,0.0,0.0,0.0,-0.17622,0.98449,0.0,0.0,-0.16398,537.15248,2091.51406,0.0,2.38925,-0.0,0.0,0.0,0.0,0.0,0.0,0.0,0.0,0.0
8.367,83.02593,413.29806,0.0,31.20564,-13.14169,0.0,0.0,0.0,-0.17756,0.98424,0.0,0.0,-0.16287,543.76664,2094.8215,0.0,2.38685,-0.0,0.0,0.0,0.0,0.0,0.0,0.0,0.0,0.0
8.384,83.54615,413.07815,0.0,31.22094,-13.24684,0.0,0.0,0.0,-0.1789,0.984,0.0,0.0,-0.16175,550.48806,2098.41474,0.0,2.38475,-0.0,0.0,0.0,0.0,0.0,0.0,0.0,0.0,0.0
8.4,84.06663,412.8565,0.0,31.23642,-13.35189,0.0,0.0,0.0,-0.18022,0.98376,0.0,0.0,-0.16063,557.31456,2102.28374,0.0,2.38294,-0.0,0.0,0.0,0.0,0.0,0.0,0.0,0.0,0.0
8.417,84.58737,412.63309,0.0,31.25209,-13.45682,0.0,0.0,0.0,-0.18154,0.98352,0.0,0.0,-0.15951,564.2439,2106.41859,0.0,2.3814,-0.0,0.0,0.0,0.0,0.0,0.0,0.0,0.0,0.0
8.434,85.10837,412.40794,0.0,31.26796,-13.56163,0.0,0.0,0.0,-0.18285,0.98328,0.0,0.0,-0.1584,571.27375,2110.80953,0.0,2.38013,-0.0,0.0,0.0,0.0,0.0,0.0,0.0,0.0,0.0
8.451,85.62964,412.18104,0.0,31.28403,-13.66631,0.0,0.0,0.0,-0.18414,0.98304,0.0,0.0,-0.15728,578.40174,2115.44694,0.0,2.37911,-0.0,0.0,0.0,0.0,0.0,0.0,0.0,0.0,0.0
8.467,86.15117,411.95239,0.0,31.30029,-13.77086,0.0,0.0,0.0,-0.18543,0.9828,0.0,0.0,-0.15617,585.62544,2120.32138,0.0,2.37832,-0.0,0.0,0.0,0.0,0.0,0.0,0.0,0.0,0.0
8.483,86.67298,411.72201,0.0,31.31676,-13.87527,0.0,0.0,0.0,-0.18671,0.98256,0.0,0.0,-0.15505,592.94239,2125.42354,0.0,2.37776,-0.0,0.0,0.0,0.0,0.0,0.0,0.0,0.0,0.0
8.5,87.19507,411.48989,0.0,31.33344,-13.97952,0.0,0.0,0.0,-0.18798,0.98231,0.0,0.0,-0.15394,600.35006,2130.7443,0.0,2.37741,-0.0,0.0,0.0,0.0,0.0,0.0,0.0,0.0,0.0
8.517,87.71743,411.25603,0.0,31.35032,-14.08363,0.0,0.0,0.0,-0.18924,0.98207,0.0,0.0,-0.15284,607.84589,2136.27471,0.0,2.37726,-0.0,0.0,0.0,0.0,0.0,0.0,0.0,0.0,0.0
8.534,88.24008,411.02043,0.0,31.36742,-14.18757,0.0,0.0,0.0,-0.19049,0.98183,0.0,0.0,-0.15173,615.42729,2142.00599,0.0,2.3773,-0.0,0.0,0.0,0.0,0.0,0.0,0.0,0.0,0.0
8.551,88.76301,410.78311,0.0,31.38473,-14.29135,0.0,0.0,0.0,-0.19173,0.98159,0.0,0.0,-0.15063,623.09165,2147.92955,0.0,2.37752,-0.0,0.0,0.0,0.0,0.0,0.0,0.0,0.0,0.0
8.567,89.28624,410.54406,0.0,31.40225,-14.39496,0.0,0.0,0.0,-0.19297,0.98135,0.0,0.0,-0.14953,630.83631,2154.03697,0.0,2.3779,-0.0,0.0,0.0,0.0,0.0,0.0,0.0,0.0,0.0
8.584,89.80976,410.30328,0.0,31.41999,-14.49839,0.0,0.0,0.0,-0.19419,0.98111,0.0,0.0,-0.14843,638.65862,2160.32003,0.0,2.37843,-0.0,0.0,0.0,0.0,0.0,0.0,0.0,0.0,0.0
8.6,90.33357,410.06078,0.0,31.43795,-14.60165,0.0,0.0,0.0,-0.1954,0.98087,0.0,0.0,-0.14734,646.5559,2166.77068,0.0,2.37911,-0.0,0.0,0.0,0.0,0.0,0.0,0.0,0.0,0.0
8.617,90.85769,409.81656,0.0,31.45613,-14.70472,0.0,0.0,0.0,-0.19661,0.98063,0.0,0.0,-0.14625,654.52547,2173.38108,0.0,2.37992,-0.0,0.0,0.0,0.0,0.0,0.0,0.0,0.0,0.0
8.634,91.38211,409.57062,0.0,31.47454,-14.80761,0.0,0.0,0.0,-0.1978,0.98039,0.0,0.0,-0.14516,662.56463,2180.14359,0.0,2.38086,-0.0,0.0,0.0,0.0,0.0,0.0,0.0,0.0,0.0
8.65,91.90684,409.32297,0.0,31.49317,-14.9103,0.0,0.0,0.0,-0.19899,0.98015,0.0,0.0,-0.14408,670.67069,2187.05075,0.0,2.38191,-0.0,0.0,0.0,0.0,0.0,0.0,0.0,0.0,0.0
8.667,92.43189,409.07361,0.0,31.51202,-15.0128,0.0,0.0,0.0,-0.20016,0.97991,0.0,0.0,-0.143,678.84096,2194.09531,0.0,2.38307,-0.0,0.0,0.0,0.0,0.0,0.0,0.0,0.0,0.0
8.684,92.95725,408.82255,0.0,31.53111,-15.1151,0.0,0.0,0.0,-0.20133,0.97967,0.0,0.0,-0.14193,687.07277,2201.27021,0.0,2.38432,-0.0,0.0,0.0,0.0,0.0,0.0,0.0,0.0,0.0
8.7,93.48292,408.56978,0.0,31.55042,-15.21719,0.0,0.0,0.0,-0.20249,0.97944,0.0,0.0,-0.14086,695.36345,2208.5686,0.0,2.38566,-0.0,0.0,0.0,0.0,0.0,0.0,0.0,0.0,0.0
8.717,94.00893,408.31531,0.0,31.56997,-15.31908,0.0,0.0,0.0,-0.20364,0.9792,0.0,0.0,-0.13979,703.71034,2215.98383,0.0,2.38708,-0.0,0.0,0.0,0.0,0.0,0.0,0.0,0.0,0.0
8.734,94.53526,408.05915,0.0,31.58975,-15.42076,0.0,0.0,0.0,-0.20478,0.97896,0.0,0.0,-0.13873,712.11082,2223.50945,0.0,2.38858,-0.0,0.0,0.0,0.0,0.0,0.0,0.0,0.0,0.0
8.75,95.06192,407.80129,0.0,31.60977,-15.52223,0.0,0.0,0.0,-0.20591,0.97872,0.0,0.0,-0.13768,720.56228,2231.13922,0.0,2.39013,-0.0,0.0,0.0,0.0,0.0,0.0,0.0,0.0,0.0
8.767,95.58892,407.54174,0.0,31.63002,-15.62348,0.0,0.0,0.0,-0.20703,0.97849,0.0,0.0,-0.13663,729.06214,2238.86709,0.0,2.39174,-0.0,0.0,0.0,0.0,0.0,0.0,0.0,0.0,0.0
8.784,96.11626,407.28051,0.0,31.65051,-15.72452,0.0,0.0,0.0,-0.20815,0.97825,0.0,0.0,-0.13558,737.60784,2246.68723,0.0,2.3934,-0.0,0.0,0.0,0.0,0.0,0.0,0.0,0.0,0.0
8.8,96.64394,407.01759,0.0,31.67124,-15.82533,0.0,0.0,0.0,-0.20925,0.97802,0.0,0.0,-0.13454,746.19689,2254.594,0.0,2.3951,-0.0,0.0,0.0,0.0,0.0,0.0,0.0,0.0,0.0
8.817,97.17197,406.753,0.0,31.6922,-15.92593,0.0,0.0,0.0,-0.21035,0.97778,0.0,0.0,-0.1335,754.8268,2262.58197,0.0,2.39684,-0.0,0.0,0.0,0.0,0.0,0.0,0.0,0.0,0.0
8.834,97.70035,406.48673,0.0,31.71341,-16.0263,0.0,0.0,0.0,-0.21144,0.97755,0.0,0.0,-0.13247,763.49513,2270.64591,0.0,2.39861,-0.0,0.0,0.0,0.0,0.0,0.0,0.0,0.0,0.0
8.85,98.22908,406.21879,0.0,31.73486,-16.12644,0.0,0.0,0.0,-0.21252,0.97732,0.0,0.0,-0.13145,772.1995,2278.78078,0.0,2.4004,-0.0,0.0,0.0,0.0,0.0,0.0,0.0,0.0,0.0
8.867,98.75818,405.94918,0.0,31.75656,-16.22636,0.0,0.0,0.0,-0.21359,0.97708,0.0,0.0,-0.13043,780.93756,2286.98177,0.0,2.4022,-0.0,0.0,0.0,0.0,0.0,0.0,0.0,0.0,0.0
8.883,99.28764,405.67791,0.0,31.77849,-16.32605,0.0,0.0,0.0,-0.21465,0.97685,0.0,0.0,-0.12941,789.707,2295.24423,0.0,2.40402,-0.0,0.0,0.0,0.0,0.0,0.0,0.0,0.0,0.0
8.9,99.81746,405.40498,0.0,31.80067,-16.4255,0.0,0.0,0.0,-0.2157,0.97662,0.0,0.0,-0.1284,798.5056,2303.56373,0.0,2.40585,-0.0,0.0,0.0,0.0,0.0,0.0,0.0,0.0,0.0
8.917,100.34766,405.1304,0.0,31.8231,-16.52473,0.0,0.0,0.0,-0.21675,0.97639,0.0,0.0,-0.12739,807.33114,2311.93603,0.0,2.40768,-0.0,0.0,0.0,0.0,0.0,0.0,0.0,0.0,0.0
8.934,100.87824,404.85416,0.0,31.84577,-16.62372,0.0,0.0,0.0,-0.21778,0.97616,0.0,0.0,-0.12639,816.1815,2320.35708,0.0,2.40951,-0.0,0.0,0.0,0.0,0.0,0.0,0.0,0.0,0.0
8.951,101.40919,404.57628,0.0,31.86869,-16.72247,0.0,0.0,0.0,-0.21881,0.97593,0.0,0.0,-0.1254,825.0546,2328.82302,0.0,2.41133,-0.0,0.0,0.0,0.0,0.0,0.0,0.0,0.0,0.0
8.967,101.94053,404.29675,0.0,31.89185,-16.82099,0.0,0.0,0.0,-0.21983,0.9757,0.0,0.0,-0.12441,833.94842,2337.3302,0.0,2.41314,-0.0,0.0,0.0,0.0,0.0,0.0,0.0,0.0,0.0
8.984,102.47225,404.01558,0.0,31.91527,-16.91927,0.0,0.0,0.0,-0.22084,0.97547,0.0,0.0,-0.12342,842.86099,2345.87511,0.0,2.41494,-0.0,0.0,0.0,0.0,0.0,0.0,0.0,0.0,0.0
9.0,103.00437,403.73277,0.0,31.93893,-17.01731,0.0,0.0,0.0,-0.22184,0.97525,0.0,0.0,-0.12244,851.79043,2354.45448,0.0,2.41671,-0.0,0.0,0.0,0.0,0.0,0.0,0.0,0.0,0.0
9.017,103.53689,403.44834,0.0,31.96284,-17.11512,0.0,0.0,0.0,-0.22284,0.97502,0.0,0.0,-0.12147,860.7349,2363.06518,0.0,2.41847,-0.0,0.0,0.0,0.0,0.0,0.0,0.0,0.0,0.0
9.034,104.0698,403.16227,0.0,31.98699,-17.21268,0.0,0.0,0.0,-0.22383,0.97479,0.0,0.0,-0.1205,869.69263,2371.70427,0.0,2.4202,-0.0,0.0,0.0,0.0,0.0,0.0,0.0,0.0,0.0
9.051,104.60312,402.87458,0.0,32.0114,-17.31,0.0,0.0,0.0,-0.2248,0.97457,0.0,0.0,-0.11953,878.66193,2380.36899,0.0,2.42191,-0.0,0.0,0.0,0.0,0.0,0.0,0.0,0.0,0.0
9.067,105.13685,402.58527,0.0,32.03606,-17.40709,0.0,0.0,0.0,-0.22578,0.97435,0.0,0.0,-0.11857,887.64116,2389.05675,0.0,2.42358,-0.0,0.0,0.0,0.0,0.0,0.0,0.0,0.0,0.0
9.084,105.67099,402.29435,0.0,32.06096,-17.50393,0.0,0.0,0.0,-0.22674,0.97412,0.0,0.0,-0.11762,896.62875,2397.76513,0.0,2.42522,-0.0,0.0,0.0,0.0,0.0,0.0,0.0,0.0,0.0
9.1,106.20555,402.00181,0.0,32.08612,-17.60052,0.0,0.0,0.0,-0.22769,0.9739,0.0,0.0,-0.11666,905.62321,2406.49188,0.0,2.42683,-0.0,0.0,0.0,0.0,0.0,0.0,0.0,0.0,0.0
9.117,106.74053,401.70767,0.0,32.11153,-17.69688,0.0,0.0,0.0,-0.22864,0.97368,0.0,0.0,-0.11572,914.6231,2415.2349,0.0,2.4284,-0.0,0.0,0.0,0.0,0.0,0.0,0.0,0.0,0.0
9.134,107.27594,401.41192,0.0,32.13718,-17.79299,0.0,0.0,0.0,-0.22958,0.97346,0.0,0.0,-0.11478,923.62706,2423.99225,0.0,2.42993,-0.0,0.0,0.0,0.0,0.0,0.0,0.0,0.0,0.0
9.151,107.81177,401.11457,0.0,32.16309,-17.88886,0.0,0.0,0.0,-0.23051,0.97324,0.0,0.0,-0.11384,932.63381,2432.76217,0.0,2.43142,-0.0,0.0,0.0,0.0,0.0,0.0,0.0,0.0,0.0
9.167,108.34804,400.81562,0.0,32.18925,-17.98448,0.0,0.0,0.0,-0.23143,0.97302,0.0,0.0,-0.11291,941.64213,2441.54303,0.0,2.43287,-0.0,0.0,0.0,0.0,0.0,0.0,0.0,0.0,0.0
9.184,108.88475,400.51509,0.0,32.21565,-18.07986,0.0,0.0,0.0,-0.23235,0.9728,0.0,0.0,-0.11198,950.65085,2450.33334,0.0,2.43428,-0.0,0.0,0.0,0.0,0.0,0.0,0.0,0.0,0.0
9.2,109.4219,400.21296,0.0,32.24231,-18.17499,0.0,0.0,0.0,-0.23325,0.97259,0.0,0.0,-0.11105,959.65889,2459.13177,0.0,2.43564,-0.0,0.0,0.0,0.0,0.0,0.0,0.0,0.0,0.0
9.217,109.9595,399.90926,0.0,32.26922,-18.26988,0.0,0.0,0.0,-0.23415,0.97237,0.0,0.0,-0.11014,968.66524,2467.93713,0.0,2.43696,-0.0,0.0,0.0,0.0,0.0,0.0,0.0,0.0,0.0
9.234,110.49754,399.60397,0.0,32.29638,-18.36453,0.0,0.0,0.0,-0.23505,0.97215,0.0,0.0,-0.10922,977.66896,2476.74837,0.0,2.43824,-0.0,0.0,0.0,0.0,0.0,0.0,0.0,0.0,0.0
9.251,111.03604,399.29711,0.0,32.32378,-18.45893,0.0,0.0,0.0,-0.23593,0.97194,0.0,0.0,-0.10831,986.66915,2485.56456,0.0,2.43946,-0.0,0.0,0.0,0.0,0.0,0.0,0.0,0.0,0.0
9.267,111.575,398.98867,0.0,32.35144,-18.55309,0.0,0.0,0.0,-0.23681,0.97173,0.0,0.0,-0.1074,995.665,2494.3849,0.0,2.44064,-0.0,0.0,0.0,0.0,0.0,0.0,0.0,0.0,0.0
9.284,112.11443,398.67867,0.0,32.37935,-18.647,0.0,0.0,0.0,-0.23768,0.97152,0.0,0.0,-0.1065,1004.65577,2503.20872,0.0,2.44178,-0.0,0.0,0.0,0.0,0.0,0.0,0.0,0.0,0.0
9.3,112.65432,398.36711,0.0,32.4075,-18.74066,0.0,0.0,0.0,-0.23854,0.97131,0.0,0.0,-0.1056,1013.64077,2512.03548,0.0,2.44286,-0.0,0.0,0.0,0.0,0.0,0.0,0.0,0.0,0.0
9.317,113.19468,398.05399,0.0,32.43591,-18.83408,0.0,0.0,0.0,-0.2394,0.9711,0.0,0.0,-0.10471,1022.61939,2520.86474,0.0,2.4439,-0.0,0.0,0.0,0.0,0.0,0.0,0.0,0.0,0.0
9.334,113.73552,397.73931,0.0,32.46457,-18.92726,0.0,0.0,0.0,-0.24024,0.97089,0.0,0.0,-0.10381,1031.59106,2529.69617,0.0,2.44489,-0.0,0.0,0.0,0.0,0.0,0.0,0.0,0.0,0.0
9.351,114.27683,397.42308,0.0,32.49347,-19.02019,0.0,0.0,0.0,-0.24108,0.97068,0.0,0.0,-0.10293,1040.55528,2538.52957,0.0,2.44584,-0.0,0.0,0.0,0.0,0.0,0.0,0.0,0.0,0.0
9.367,114.81863,397.1053,0.0,32.52262,-19.11287,0.0,0.0,0.0,-0.24191,0.97047,0.0,0.0,-0.10204,1049.51163,2547.36481,0.0,2.44674,-0.0,0.0,0.0,0.0,0.0,0.0,0.0,0.0,0.0
9.384,115.36092,396.78599,0.0,32.55202,-19.20531,0.0,0.0,0.0,-0.24274,0.97027,0.0,0.0,-0.10116,1058.45972,2556.2019,0.0,2.44759,-0.0,0.0,0.0,0.0,0.0,0.0,0.0,0.0,0.0
9.4,115.9037,396.46513,0.0,32.58167,-19.2975,0.0,0.0,0.0,-0.24356,0.97006,0.0,0.0,-0.10028,1067.39923,2565.04092,0.0,2.44839,-0.0,0.0,0.0,0.0,0.0,0.0,0.0,0.0,0.0
9.417,116.44698,396.14274,0.0,32.61157,-19.38945,0.0,0.0,0.0,-0.24437,0.96986,0.0,0.0,-0.09941,1076.3299,2573.88203,0.0,2.44915,-0.0,0.0,0.0,0.0,0.0,0.0,0.0,0.0,0.0
9.434,116.99076,395.81882,0.0,32.64172,-19.48115,0.0,0.0,0.0,-0.24517,0.96966,0.0,0.0,-0.09854,1085.25151,2582.72551,0.0,2.44987,-0.0,0.0,0.0,0.0,0.0,0.0,0.0,0.0,0.0
9.451,117.53504,395.49337,0.0,32.67211,-19.57261,0.0,0.0,0.0,-0.24597,0.96945,0.0,0.0,-0.09767,1094.16391,2591.5717,0.0,2.45054,-0.0,0.0,0.0,0.0,0.0,0.0,0.0,0.0,0.0
9.467,118.07983,395.1664,0.0,32.70275,-19.66382,0.0,0.0,0.0,-0.24676,0.96925,0.0,0.0,-0.09681,1103.06699,2600.42103,0.0,2.45117,-0.0,0.0,0.0,0.0,0.0,0.0,0.0,0.0,0.0
9.483,118.62513,394.83791,0.0,32.73364,-19.75478,0.0,0.0,0.0,-0.24754,0.96906,0.0,0.0,-0.09595,1111.96069,2609.27398,0.0,2.45176,-0.0,0.0,0.0,0.0,0.0,0.0,0.0,0.0,0.0
9.5,119.17095,394.50791,0.0,32.76478,-19.8455,0.0,0.0,0.0,-0.24831,0.96886,0.0,0.0,-0.09509,1120.84499,2618.13114,0.0,2.4523,-0.0,0.0,0.0,0.0,0.0,0.0,0.0,0.0,0.0
9.517,119.7173,394.1764,0.0,32.79616,-19.93597,0.0,0.0,0.0,-0.24908,0.96866,0.0,0.0,-0.09423,1129.71994,2626.99314,0.0,2.45281,-0.0,0.0,0.0,0.0,0.0,0.0,0.0,0.0,0.0
9.534,120.26416,393.84338,0.0,32.82778,-20.0262,0.0,0.0,0.0,-0.24984,0.96847,0.0,0.0,-0.09338,1138.58559,2635.86068,0.0,2.45328,-0.0,0.0,0.0,0.0,0.0,0.0,0.0,0.0,0.0
9.55,120.81156,393.50886,0.0,32.85966,-20.11618,0.0,0.0,0.0,-0.25059,0.96827,0.0,0.0,-0.09253,1147.44208,2644.73451,0.0,2.45371,-0.0,0.0,0.0,0.0,0.0,0.0,0.0,0.0,0.0
9.567,121.35949,393.17284,0.0,32.89178,-20.20591,0.0,0.0,0.0,-0.25134,0.96808,0.0,0.0,-0.09168,1156.28954,2653.61545,0.0,2.4541,-0.0,0.0,0.0,0.0,0.0,0.0,0.0,0.0,0.0
9.584,121.90795,392.83533,0.0,32.92414,-20.2954,0.0,0.0,0.0,-0.25208,0.96789,0.0,0.0,-0.09084,1165.12818,2662.50436,0.0,2.45445,-0.0,0.0,0.0,0.0,0.0,0.0,0.0,0.0,0.0
9.6,122.45696,392.49633,0.0,32.95675,-20.38463,0.0,0.0,0.0,-0.25281,0.96769,0.0,0.0,-0.09,1173.95823,2671.40214,0.0,2.45478,-0.0,0.0,0.0,0.0,0.0,0.0,0.0,0.0,0.0
9.617,123.00651,392.15584,0.0,32.98961,-20.47362,0.0,0.0,0.0,-0.25354,0.96751,0.0,0.0,-0.08916,1182.77993,2680.30975,0.0,2.45507,-0.0,0.0,0.0,0.0,0.0,0.0,0.0,0.0,0.0
9.634,123.55661,391.81388,0.0,33.02271,-20.56237,0.0,0.0,0.0,-0.25426,0.96732,0.0,0.0,-0.08832,1191.59359,2689.22818,0.0,2.45532,-0.0,0.0,0.0,0.0,0.0,0.0,0.0,0.0,0.0
9.651,124.10727,391.47043,0.0,33.05605,-20.65086,0.0,0.0,0.0,-0.25497,0.96713,0.0,0.0,-0.08748,1200.39951,2698.15846,0.0,2.45555,-0.0,0.0,0.0,0.0,0.0,0.0,0.0,0.0,0.0
9.667,124.65848,391.12552,0.0,33.08964,-20.73911,0.0,0.0,0.0,-0.25567,0.96694,0.0,0.0,-0.08665,1209.19806,2707.10165,0.0,2.45575,-0.0,0.0,0.0,0.0,0.0,0.0,0.0,0.0,0.0
9.684,125.21026,390.77913,0.0,33.12347,-20.82711,0.0,0.0,0.0,-0.25637,0.96676,0.0,0.0,-0.08582,1217.98958,2716.05883,0.0,2.45592,-0.0,0.0,0.0,0.0,0.0,0.0,0.0,0.0,0.0
9.7,125.7626,390.43128,0.0,33.15755,-20.91486,0.0,0.0,0.0,-0.25706,0.96658,0.0,0.0,-0.08499,1226.77449,2725.03112,0.0,2.45606,-0.0,0.0,0.0,0.0,0.0,0.0,0.0,0.0,0.0
9.717,126.31551,390.08197,0.0,33.19187,-21.00236,0.0,0.0,0.0,-0.25775,0.96639,0.0,0.0,-0.08417,1235.55319,2734.01964,0.0,2.45618,-0.0,0.0,0.0,0.0,0.0,0.0,0.0,0.0,0.0
9.734,126.869,389.73121,0.0,33.22643,-21.08961,0.0,0.0,0.0,-0.25843,0.96621,0.0,0.0,-0.08334,1244.32611,2743.02557,0.0,2.45628,-0.0,0.0,0.0,0.0,0.0,0.0,0.0,0.0,0.0
9.75,127.42306,389.37899,0.0,33.26124,-21.1766,0.0,0.0,0.0,-0.2591,0.96603,0.0,0.0,-0.08252,1253.09369,2752.05005,0.0,2.45635,-0.0,0.0,0.0,0.0,0.0,0.0,0.0,0.0,0.0
9.767,127.97771,389.02532,0.0,33.29629,-21.26335,0.0,0.0,0.0,-0.25976,0.96586,0.0,0.0,-0.0817,1261.85641,2761.09428,0.0,2.4564,-0.0,0.0,0.0,0.0,0.0,0.0,0.0,0.0,0.0
9.784,128.53294,388.67021,0.0,33.33159,-21.34985,0.0,0.0,0.0,-0.26042,0.96568,0.0,0.0,-0.08089,1270.61473,2770.15945,0.0,2.45644,-0.0,0.0,0.0,0.0,0.0,0.0,0.0,0.0,0.0
9.8,129.08877,388.31366,0.0,33.36713,-21.43609,0.0,0.0,0.0,-0.26107,0.9655,0.0,0.0,-0.08007,1279.36914,2779.24674,0.0,2.45645,-0.0,0.0,0.0,0.0,0.0,0.0,0.0,0.0,0.0
9.817,129.64518,387.95568,0.0,33.40291,-21.52208,0.0,0.0,0.0,-0.26171,0.96533,0.0,0.0,-0.07926,1288.12012,2788.35736,0.0,2.45645,-0.0,0.0,0.0,0.0,0.0,0.0,0.0,0.0,0.0
9.834,130.2022,387.59626,0.0,33.43893,-21.60781,0.0,0.0,0.0,-0.26235,0.96516,0.0,0.0,-0.07845,1296.86817,2797.49251,0.0,2.45643,-0.0,0.0,0.0,0.0,0.0,0.0,0.0,0.0,0.0
9.85,130.75982,387.23542,0.0,33.4752,-21.6933,0.0,0.0,0.0,-0.26298,0.96498,0.0,0.0,-0.07764,1305.61381,2806.6534,0.0,2.4564,-0.0,0.0,0.0,0.0,0.0,0.0,0.0,0.0,0.0
9.867,131.31804,386.87315,0.0,33.51171,-21.77852,0.0,0.0,0.0,-0.26361,0.96481,0.0,0.0,-0.07683,1314.35752,2815.8412,0.0,2.45635,-0.0,0.0,0.0,0.0,0.0,0.0,0.0,0.0,0.0
9.884,131.87687,386.50947,0.0,33.54846,-21.86349,0.0,0.0,0.0,-0.26422,0.96465,0.0,0.0,-0.07602,1323.09982,2825.05711,0.0,2.4563,-0.0,0.0,0.0,0.0,0.0,0.0,0.0,0.0,0.0
9.9,132.43632,386.14437,0.0,33.58546,-21.94821,0.0,0.0,0.0,-0.26483,0.96448,0.0,0.0,-0.07522,1331.84122,2834.30232,0.0,2.45623,-0.0,0.0,0.0,0.0,0.0,0.0,0.0,0.0,0.0
9.917,132.99639,385.77787,0.0,33.6227,-22.03266,0.0,0.0,0.0,-0.26544,0.96431,0.0,0.0,-0.07442,1340.5822,2843.57797,0.0,2.45615,-0.0,0.0,0.0,0.0,0.0,0.0,0.0,0.0,0.0
9.934,133.55708,385.40995,0.0,33.66018,-22.11686,0.0,0.0,0.0,-0.26604,0.96415,0.0,0.0,-0.07362,1349.32327,2852.88523,0.0,2.45607,-0.0,0.0,0.0,0.0,0.0,0.0,0.0,0.0,0.0
9.951,134.1184,385.04064,0.0,33.6979,-22.2008,0.0,0.0,0.0,-0.26663,0.96398,0.0,0.0,-0.07282,1358.06493,2862.22523,0.0,2.45598,-0.0,0.0,0.0,0.0,0.0,0.0,0.0,0.0,0.0
9.967,134.68035,384.66993,0.0,33.73587,-22.28448,0.0,0.0,0.0,-0.26721,0.96382,0.0,0.0,-0.07202,1366.80764,2871.5991,0.0,2.45588,-0.0,0.0,0.0,0.0,0.0,0.0,0.0,0.0,0.0
9.984,135.24293,384.29782,0.0,33.77408,-22.36789,0.0,0.0,0.0,-0.26779,0.96366,0.0,0.0,-0.07122,1375.55189,2881.00793,0.0,2.45578,-0.0,0.0,0.0,0.0,0.0,0.0,0.0,0.0,0.0
10.0,135.80615,383.92433,0.0,33.81253,-22.45105,0.0,0.0,0.0,-0.26836,0.9635,0.0,0.0,-0.07043,1384.29815,2890.45279,0.0,2.45568,-0.0,0.0,0.0,0.0,0.0,0.0,0.0,0.0,0.0
10.017,136.37002,383.54946,0.0,33.85123,-22.53394,0.0,0.0,0.0,-0.26893,0.96335,0.0,0.0,-0.06964,1393.04686,2899.93475,0.0,2.45557,-0.0,0.0,0.0,0.0,0.0,0.0,0.0,0.0,0.0
10.034,136.93453,383.1732,0.0,33.89017,-22.61656,0.0,0.0,0.0,-0.26949,0.96319,0.0,0.0,-0.06885,1401.79845,2909.45484,0.0,2.45546,-0.0,0.0,0.0,0.0,0.0,0.0,0.0,0.0,0.0
10.05,137.49969,382.79558,0.0,33.92935,-22.69892,0.0,0.0,0.0,-0.27004,0.96304,0.0,0.0,-0.06806,1410.55337,2919.01405,0.0,2.45535,-0.0,0.0,0.0,0.0,0.0,0.0,0.0,0.0,0.0
10.067,138.06551,382.41658,0.0,33.96877,-22.78102,0.0,0.0,0.0,-0.27059,0.96288,0.0,0.0,-0.06727,1419.31201,2928.61337,0.0,2.45525,-0.0,0.0,0.0,0.0,0.0,0.0,0.0,0.0,0.0
10.084,138.63199,382.03621,0.0,34.00844,-22.86284,0.0,0.0,0.0,-0.27113,0.96273,0.0,0.0,-0.06649,1428.07476,2938.25375,0.0,2.45514,-0.0,0.0,0.0,0.0,0.0,0.0,0.0,0.0,0.0
10.1,139.19913,381.65448,0.0,34.04835,-22.9444,0.0,0.0,0.0,-0.27166,0.96258,0.0,0.0,-0.06571,1436.842,2947.9361,0.0,2.45503,-0.0,0.0,0.0,0.0,0.0,0.0,0.0,0.0,0.0
10.117,139.76693,381.2714,0.0,34.08851,-23.02569,0.0,0.0,0.0,-0.27219,0.96243,0.0,0.0,-0.06492,1445.61409,2957.66132,0.0,2.45493,-0.0,0.0,0.0,0.0,0.0,0.0,0.0,0.0,0.0
10.134,140.33541,380.88696,0.0,34.12891,-23.1067,0.0,0.0,0.0,-0.27271,0.96228,0.0,0.0,-0.06414,1454.39135,2967.43025,0.0,2.45483,-0.0,0.0,0.0,0.0,0.0,0.0,0.0,0.0,0.0
10.15,140.90457,380.50118,0.0,34.16955,-23.18744,0.0,0.0,0.0,-0.27322,0.96214,0.0,0.0,-0.06337,1463.17411,2977.24373,0.0,2.45474,-0.0,0.0,0.0,0.0,0.0,0.0,0.0,0.0,0.0
10.167,141.4744,380.11405,0.0,34.21044,-23.26791,0.0,0.0,0.0,-0.27373,0.96199,0.0,0.0,-0.06259,1471.96266,2987.10254,0.0,2.45465,-0.0,0.0,0.0,0.0,0.0,0.0,0.0,0.0,0.0
10.184,142.04492,379.72558,0.0,34.25157,-23.34811,0.0,0.0,0.0,-0.27423,0.96185,0.0,0.0,-0.06182,1480.75726,2997.00745,0.0,2.45456,-0.0,0.0,0.0,0.0,0.0,0.0,0.0,0.0,0.0
10.201,142.61612,379.33578,0.0,34.29295,-23.42803,0.0,0.0,0.0,-0.27473,0.96171,0.0,0.0,-0.06104,1489.55817,3006.95917,0.0,2.45449,-0.0,0.0,0.0,0.0,0.0,0.0,0.0,0.0,0.0
10.217,143.18802,378.94465,0.0,34.33457,-23.50766,0.0,0.0,0.0,-0.27521,0.96157,0.0,0.0,-0.06027,1498.3656,3016.95839,0.0,2.45442,-0.0,0.0,0.0,0.0,0.0,0.0,0.0,0.0,0.0
10.234,143.76061,378.5522,0.0,34.37644,-23.58703,0.0,0.0,0.0,-0.2757,0.96143,0.0,0.0,-0.0595,1507.17977,3027.00577,0.0,2.45435,-0.0,0.0,0.0,0.0,0.0,0.0,0.0,0.0,0.0
10.25,144.3339,378.15842,0.0,34.41855,-23.66611,0.0,0.0,0.0,-0.27617,0.9613,0.0,0.0,-0.05874,1516.00083,3037.10191,0.0,2.4543,-0.0,0.0,0.0,0.0,0.0,0.0,0.0,0.0,0.0
10.267,144.90789,377.76333,0.0,34.4609,-23.7449,0.0,0.0,0.0,-0.27664,0.96116,0.0,0.0,-0.05797,1524.82896,3047.2474,0.0,2.45425,-0.0,0.0,0.0,0.0,0.0,0.0,0.0,0.0,0.0
10.284,145.4826,377.36693,0.0,34.50351,-23.82342,0.0,0.0,0.0,-0.27711,0.96103,0.0,0.0,-0.05721,1533.66426,3057.44279,0.0,2.45421,-0.0,0.0,0.0,0.0,0.0,0.0,0.0,0.0,0.0
10.3,146.05801,376.96922,0.0,34.54635,-23.90165,0.0,0.0,0.0,-0.27757,0.9609,0.0,0.0,-0.05644,1542.50685,3067.68858,0.0,2.45418,-0.0,0.0,0.0,0.0,0.0,0.0,0.0,0.0,0.0
10.317,146.63414,376.57021,0.0,34.58945,-23.97959,0.0,0.0,0.0,-0.27802,0.96076,0.0,0.0,-0.05568,1551.35679,3077.98524,0.0,2.45416,-0.0,0.0,0.0,0.0,0.0,0.0,0.0,0.0,0.0
10.334,147.211,376.1699,0.0,34.63279,-24.05725,0.0,0.0,0.0,-0.27846,0.96064,0.0,0.0,-0.05493,1560.21413,3088.3332,0.0,2.45415,-0.0,0.0,0.0,0.0,0.0,0.0,0.0,0.0,0.0
10.351,147.78857,375.7683,0.0,34.67637,-24.13462,0.0,0.0,0.0,-0.2789,0.96051,0.0,0.0,-0.05417,1569.0789,3098.73287,0.0,2.45415,-0.0,0.0,0.0,0.0,0.0,0.0,0.0,0.0,0.0
10.367,148.36688,375.36541,0.0,34.7202,-24.2117,0.0,0.0,0.0,-0.27934,0.96038,0.0,0.0,-0.05342,1577.95109,3109.18462,0.0,2.45417,-0.0,0.0,0.0,0.0,0.0,0.0,0.0,0.0,0.0
10.384,148.94592,374.96125,0.0,34.76428,-24.28848,0.0,0.0,0.0,-0.27977,0.96026,0.0,0.0,-0.05266,1586.83068,3119.68876,0.0,2.45419,-0.0,0.0,0.0,0.0,0.0,0.0,0.0,0.0,0.0
10.4,149.52569,374.5558,0.0,34.80861,-24.36498,0.0,0.0,0.0,-0.28019,0.96014,0.0,0.0,-0.05191,1595.7176,3130.24559,0.0,2.45422,-0.0,0.0,0.0,0.0,0.0,0.0,0.0,0.0,0.0
10.417,150.1062,374.14908,0.0,34.85318,-24.44118,0.0,0.0,0.0,-0.2806,0.96001,0.0,0.0,-0.05117,1604.61178,3140.85538,0.0,2.45426,-0.0,0.0,0.0,0.0,0.0,0.0,0.0,0.0,0.0
10.434,150.68746,373.7411,0.0,34.898,-24.51708,0.0,0.0,0.0,-0.28101,0.95989,0.0,0.0,-0.05042,1613.5131,3151.51833,0.0,2.45431,-0.0,0.0,0.0,0.0,0.0,0.0,0.0,0.0,0.0
10.451,151.26947,373.33185,0.0,34.94307,-24.59268,0.0,0.0,0.0,-0.28141,0.95978,0.0,0.0,-0.04968,1622.42144,3162.23465,0.0,2.45438,-0.0,0.0,0.0,0.0,0.0,0.0,0.0,0.0,0.0
10.467,151.85224,372.92134,0.0,34.98838,-24.66799,0.0,0.0,0.0,-0.28181,0.95966,0.0,0.0,-0.04894,1631.33664,3173.00449,0.0,2.45445,-0.0,0.0,0.0,0.0,0.0,0.0,0.0,0.0,0.0
10.484,152.43575,372.50959,0.0,35.03395,-24.74299,0.0,0.0,0.0,-0.2822,0.95955,0.0,0.0,-0.0482,1640.25851,3183.82798,0.0,2.45454,-0.0,0.0,0.0,0.0,0.0,0.0,0.0,0.0,0.0
10.5,153.02004,372.09658,0.0,35.07976,-24.81769,0.0,0.0,0.0,-0.28259,0.95943,0.0,0.0,-0.04746,1649.18686,3194.7052,0.0,2.45463,-0.0,0.0,0.0,0.0,0.0,0.0,0.0,0.0,0.0
10.517,153.60508,371.68233,0.0,35.12581,-24.89209,0.0,0.0,0.0,-0.28297,0.95932,0.0,0.0,-0.04672,1658.12144,3205.63622,0.0,2.45474,-0.0,0.0,0.0,0.0,0.0,0.0,0.0,0.0,0.0
10.534,154.1909,371.26685,0.0,35.17212,-24.96619,0.0,0.0,0.0,-0.28334,0.95921,0.0,0.0,-0.04599,1667.06201,3216.62108,0.0,2.45486,-0.0,0.0,0.0,0.0,0.0,0.0,0.0,0.0,0.0
10.551,154.77749,370.85013,0.0,35.21868,-25.03997,0.0,0.0,0.0,-0.28371,0.9591,0.0,0.0,-0.04526,1676.00828,3227.65976,0.0,2.45499,-0.0,0.0,0.0,0.0,0.0,0.0,0.0,0.0,0.0
10.567,155.36486,370.43218,0.0,35.26548,-25.11345,0.0,0.0,0.0,-0.28407,0.95899,0.0,0.0,-0.04453,1684.95996,3238.75225,0.0,2.45513,-0.0,0.0,0.0,0.0,0.0,0.0,0.0,0.0,0.0
10.584,155.95301,370.01302,0.0,35.31254,-25.18662,0.0,0.0,0.0,-0.28443,0.95889,0.0,0.0,-0.0438,1693.91673,3249.89849,0.0,2.45528,-0.0,0.0,0.0,0.0,0.0,0.0,0.0,0.0,0.0
10.601,156.54194,369.59263,0.0,35.35984,-25.25948,0.0,0.0,0.0,-0.28478,0.95879,0.0,0.0,-0.04308,1702.87824,3261.0984,0.0,2.45544,-0.0,0.0,0.0,0.0,0.0,0.0,0.0,0.0,0.0
10.617,157.13167,369.17104,0.0,35.40739,-25.33202,0.0,0.0,0.0,-0.28512,0.95868,0.0,0.0,-0.04236,1711.84412,3272.35186,0.0,2.45561,-0.0,0.0,0.0,0.0,0.0,0.0,0.0,0.0,0.0
10.634,157.72219,368.74823,0.0,35.45519,-25.40426,0.0,0.0,0.0,-0.28546,0.95858,0.0,0.0,-0.04164,1720.814,3283.65875,0.0,2.45579,-0.0,0.0,0.0,0.0,0.0,0.0,0.0,0.0,0.0
10.65,158.31351,368.32423,0.0,35.50324,-25.47617,0.0,0.0,0.0,-0.28579,0.95848,0.0,0.0,-0.04092,1729.78748,3295.01891,0.0,2.45598,-0.0,0.0,0.0,0.0,0.0,0.0,0.0,0.0,0.0
10.667,158.90563,367.89903,0.0,35.55154,-25.54777,0.0,0.0,0.0,-0.28612,0.95839,0.0,0.0,-0.04021,1738.76412,3306.43216,0.0,2.45618,-0.0,0.0,0.0,0.0,0.0,0.0,0.0,0.0,0.0
10.683,159.49856,367.47264,0.0,35.60009,-25.61905,0.0,0.0,0.0,-0.28644,0.95829,0.0,0.0,-0.0395,1747.74349,3317.89829,0.0,2.45638,-0.0,0.0,0.0,0.0,0.0,0.0,0.0,0.0,0.0
10.7,160.09231,367.04506,0.0,35.64888,-25.69001,0.0,0.0,0.0,-0.28675,0.9582,0.0,0.0,-0.03879,1756.72514,3329.41709,0.0,2.4566,-0.0,0.0,0.0,0.0,0.0,0.0,0.0,0.0,0.0
10.717,160.68686,366.61631,0.0,35.69793,-25.76065,0.0,0.0,0.0,-0.28706,0.9581,0.0,0.0,-0.03808,1765.70858,3340.9883,0.0,2.45683,-0.0,0.0,0.0,0.0,0.0,0.0,0.0,0.0,0.0
10.734,161.28224,366.18638,0.0,35.74723,-25.83097,0.0,0.0,0.0,-0.28737,0.95801,0.0,0.0,-0.03738,1774.69334,3352.61166,0.0,2.45706,-0.0,0.0,0.0,0.0,0.0,0.0,0.0,0.0,0.0
10.75,161.87844,365.75528,0.0,35.79678,-25.90096,0.0,0.0,0.0,-0.28767,0.95792,0.0,0.0,-0.03667,1783.6789,3364.28689,0.0,2.45731,-0.0,0.0,0.0,0.0,0.0,0.0,0.0,0.0,0.0
10.767,162.47547,365.32302,0.0,35.84657,-25.97062,0.0,0.0,0.0,-0.28796,0.95783,0.0,0.0,-0.03597,1792.66475,3376.0137,0.0,2.45756,-0.0,0.0,0.0,0.0,0.0,0.0,0.0,0.0,0.0
10.784,163.07333,364.88959,0.0,35.89662,-26.03996,0.0,0.0,0.0,-0.28825,0.95775,0.0,0.0,-0.03528,1801.65035,3387.79177,0.0,2.45781,-0.0,0.0,0.0,0.0,0.0,0.0,0.0,0.0,0.0
10.801,163.67202,364.45502,0.0,35.94691,-26.10897,0.0,0.0,0.0,-0.28853,0.95766,0.0,0.0,-0.03458,1810.63517,3399.62076,0.0,2.45808,-0.0,0.0,0.0,0.0,0.0,0.0,0.0,0.0,0.0
10.817,164.27156,364.0193,0.0,35.99746,-26.17765,0.0,0.0,0.0,-0.2888,0.95758,0.0,0.0,-0.03389,1819.61865,3411.50034,0.0,2.45835,-0.0,0.0,0.0,0.0,0.0,0.0,0.0,0.0,0.0
10.834,164.87194,363.58243,0.0,36.04825,-26.246,0.0,0.0,0.0,-0.28907,0.9575,0.0,0.0,-0.0332,1828.60022,3423.43015,0.0,2.45863,-0.0,0.0,0.0,0.0,0.0,0.0,0.0,0.0,0.0
10.85,165.47317,363.14443,0.0,36.0993,-26.31402,0.0,0.0,0.0,-0.28934,0.95742,0.0,0.0,-0.03251,1837.5793,3435.40982,0.0,2.45891,-0.0,0.0,0.0,0.0,0.0,0.0,0.0,0.0,0.0
10.867,166.07525,362.7053,0.0,36.15059,-26.3817,0.0,0.0,0.0,-0.2896,0.95734,0.0,0.0,-0.03183,1846.55531,3447.43897,0.0,2.45921,-0.0,0.0,0.0,0.0,0.0,0.0,0.0,0.0,0.0
10.884,166.67819,362.26505,0.0,36.20213,-26.44905,0.0,0.0,0.0,-0.28985,0.95726,0.0,0.0,-0.03115,1855.52766,3459.51721,0.0,2.4595,-0.0,0.0,0.0,0.0,0.0,0.0,0.0,0.0,0.0
10.9,167.28199,361.82367,0.0,36.25392,-26.51606,0.0,0.0,0.0,-0.2901,0.95719,0.0,0.0,-0.03047,1864.49574,3471.64415,0.0,2.4598,-0.0,0.0,0.0,0.0,0.0,0.0,0.0,0.0,0.0
10.917,167.88666,361.38118,0.0,36.30596,-26.58273,0.0,0.0,0.0,-0.29034,0.95711,0.0,0.0,-0.02979,1873.45894,3483.81937,0.0,2.46011,-0.0,0.0,0.0,0.0,0.0,0.0,0.0,0.0,0.0
10.934,168.49219,360.93758,0.0,36.35825,-26.64906,0.0,0.0,0.0,-0.29058,0.95704,0.0,0.0,-0.02912,1882.41665,3496.04247,0.0,2.46042,-0.0,0.0,0.0,0.0,0.0,0.0,0.0,0.0,0.0
10.951,169.0986,360.49288,0.0,36.41079,-26.71505,0.0,0.0,0.0,-0.29081,0.95697,0.0,0.0,-0.02845,1891.36826,3508.31303,0.0,2.46074,-0.0,0.0,0.0,0.0,0.0,0.0,0.0,0.0,0.0
10.967,169.70589,360.04708,0.0,36.46358,-26.7807,0.0,0.0,0.0,-0.29104,0.9569,0.0,0.0,-0.02778,1900.31313,3520.63062,0.0,2.46106,-0.0,0.0,0.0,0.0,0.0,0.0,0.0,0.0,0.0
10.984,170.31406,359.6002,0.0,36.51661,-26.846,0.0,0.0,0.0,-0.29126,0.95684,0.0,0.0,-0.02712,1909.25064,3532.99481,0.0,2.46138,-0.0,0.0,0.0,0.0,0.0,0.0,0.0,0.0,0.0
11.0,170.92311,359.15222,0.0,36.5699,-26.91097,0.0,0.0,0.0,-0.29148,0.95677,0.0,0.0,-0.02646,1918.18015,3545.40517,0.0,2.4617,-0.0,0.0,0.0,0.0,0.0,0.0,0.0,0.0,0.0
11.017,171.53305,358.70317,0.0,36.62343,-26.97558,0.0,0.0,0.0,-0.29169,0.95671,0.0,0.0,-0.0258,1927.10104,3557.86126,0.0,2.46203,-0.0,0.0,0.0,0.0,0.0,0.0,0.0,0.0,0.0
11.034,172.14389,358.25304,0.0,36.6772,-27.03985,0.0,0.0,0.0,-0.29189,0.95664,0.0,0.0,-0.02514,1936.01267,3570.36266,0.0,2.46236,-0.0,0.0,0.0,0.0,0.0,0.0,0.0,0.0,0.0
11.05,172.75563,357.80184,0.0,36.73123,-27.10377,0.0,0.0,0.0,-0.29209,0.95658,0.0,0.0,-0.02449,1944.91439,3582.90892,0.0,2.4627,-0.0,0.0,0.0,0.0,0.0,0.0,0.0,0.0,0.0
11.067,173.36827,357.34958,0.0,36.7855,-27.16734,0.0,0.0,0.0,-0.29229,0.95652,0.0,0.0,-0.02383,1953.80559,3595.4996,0.0,2.46303,-0.0,0.0,0.0,0.0,0.0,0.0,0.0,0.0,0.0
11.084,173.98182,356.89627,0.0,36.84002,-27.23055,0.0,0.0,0.0,-0.29248,0.95646,0.0,0.0,-0.02319,1962.68561,3608.13427,0.0,2.46337,-0.0,0.0,0.0,0.0,0.0,0.0,0.0,0.0,0.0
11.101,174.59627,356.4419,0.0,36.89479,-27.29342,0.0,0.0,0.0,-0.29266,0.95641,0.0,0.0,-0.02254,1971.55382,3620.81249,0.0,2.46371,-0.0,0.0,0.0,0.0,0.0,0.0,0.0,0.0,0.0
11.117,175.21164,355.98649,0.0,36.9498,-27.35593,0.0,0.0,0.0,-0.29284,0.95635,0.0,0.0,-0.0219,1980.4096,3633.53383,0.0,2.46404,-0.0,0.0,0.0,0.0,0.0,0.0,0.0,0.0,0.0
11.134,175.82793,355.53004,0.0,37.00505,-27.41809,0.0,0.0,0.0,-0.29302,0.9563,0.0,0.0,-0.02126,1989.2523,3646.29785,0.0,2.46438,-0.0,0.0,0.0,0.0,0.0,0.0,0.0,0.0,0.0
11.15,176.44515,355.07255,0.0,37.06056,-27.47989,0.0,0.0,0.0,-0.29319,0.95625,0.0,0.0,-0.02062,1998.0813,3659.10413,0.0,2.46472,-0.0,0.0,0.0,0.0,0.0,0.0,0.0,0.0,0.0
11.167,177.06329,354.61404,0.0,37.1163,-27.54134,0.0,0.0,0.0,-0.29335,0.9562,0.0,0.0,-0.01998,2006.89598,3671.95223,0.0,2.46506,-0.0,0.0,0.0,0.0,0.0,0.0,0.0,0.0,0.0
11.184,177.68236,354.15451,0.0,37.1723,-27.60243,0.0,0.0,0.0,-0.29351,0.95615,0.0,0.0,-0.01935,2015.69571,3684.84175,0.0,2.4654,-0.0,0.0,0.0,0.0,0.0,0.0,0.0,0.0,0.0
11.2,178.30237,353.69397,0.0,37.22853,-27.66315,0.0,0.0,0.0,-0.29367,0.9561,0.0,0.0,-0.01872,2024.47987,3697.77226,0.0,2.46574,-0.0,0.0,0.0,0.0,0.0,0.0,0.0,0.0,0.0
11.217,178.92331,353.23241,0.0,37.28501,-27.72352,0.0,0.0,0.0,-0.29381,0.95606,0.0,0.0,-0.0181,2033.24785,3710.74335,0.0,2.46608,-0.0,0.0,0.0,0.0,0.0,0.0,0.0,0.0,0.0
11.234,179.5452,352.76985,0.0,37.34173,-27.78353,0.0,0.0,0.0,-0.29396,0.95601,0.0,0.0,-0.01747,2041.99904,3723.75462,0.0,2.46642,-0.0,0.0,0.0,0.0,0.0,0.0,0.0,0.0,0.0
11.251,180.16804,352.3063,0.0,37.3987,-27.84317,0.0,0.0,0.0,-0.2941,0.95597,0.0,0.0,-0.01685,2050.73284,3736.80566,0.0,2.46676,-0.0,0.0,0.0,0.0,0.0,0.0,0.0,0.0,0.0
11.267,180.79183,351.84175,0.0,37.4559,-27.90245,0.0,0.0,0.0,-0.29423,0.95593,0.0,0.0,-0.01623,2059.44864,3749.89609,0.0,2.46709,-0.0,0.0,0.0,0.0,0.0,0.0,0.0,0.0,0.0
11.284,181.41657,351.37622,0.0,37.51335,-27.96137,0.0,0.0,0.0,-0.29436,0.95589,0.0,0.0,-0.01562,2068.14587,3763.02551,0.0,2.46742,-0.0,0.0,0.0,0.0,0.0,0.0,0.0,0.0,0.0
11.301,182.04228,350.90971,0.0,37.57104,-28.01992,0.0,0.0,0.0,-0.29449,0.95585,0.0,0.0,-0.01501,2076.82392,3776.19355,0.0,2.46776,-0.0,0.0,0.0,0.0,0.0,0.0,0.0,0.0,0.0
11.317,182.66894,350.44222,0.0,37.62897,-28.0781,0.0,0.0,0.0,-0.29461,0.95581,0.0,0.0,-0.0144,2085.48223,3789.39984,0.0,2.46809,-0.0,0.0,0.0,0.0,0.0,0.0,0.0,0.0,0.0
11.334,183.29658,349.97377,0.0,37.68714,-28.13592,0.0,0.0,0.0,-0.29472,0.95578,0.0,0.0,-0.01379,2094.12022,3802.64401,0.0,2.46841,-0.0,0.0,0.0,0.0,0.0,0.0,0.0,0.0,0.0
11.35,183.92518,349.50436,0.0,37.74555,-28.19336,0.0,0.0,0.0,-0.29483,0.95574,0.0,0.0,-0.01318,2102.73733,3815.9257,0.0,2.46874,-0.0,0.0,0.0,0.0,0.0,0.0,0.0,0.0,0.0
11.367,184.55476,349.034,0.0,37.8042,-28.25044,0.0,0.0,0.0,-0.29494,0.95571,0.0,0.0,-0.01258,2111.333,3829.24457,0.0,2.46906,-0.0,0.0,0.0,0.0,0.0,0.0,0.0,0.0,0.0
11.384,185.18532,348.56268,0.0,37.86309,-28.30714,0.0,0.0,0.0,-0.29504,0.95568,0.0,0.0,-0.01198,2119.90667,3842.60028,0.0,2.46938,-0.0,0.0,0.0,0.0,0.0,0.0,0.0,0.0,0.0
11.4,185.81687,348.09043,0.0,37.92221,-28.36348,0.0,0.0,0.0,-0.29513,0.95565,0.0,0.0,-0.01139,2128.45781,3855.99249,0.0,2.4697,-0.0,0.0,0.0,0.0,0.0,0.0,0.0,0.0,0.0
11.417,186.4494,347.61724,0.0,37.98157,-28.41944,0.0,0.0,0.0,-0.29522,0.95562,0.0,0.0,-0.01079,2136.98588,3869.42088,0.0,2.47002,-0.0,0.0,0.0,0.0,0.0,0.0,0.0,0.0,0.0
11.434,187.08292,347.14312,0.0,38.04117,-28.47502,0.0,0.0,0.0,-0.29531,0.9556,0.0,0.0,-0.0102,2145.49036,3882.88513,0.0,2.47033,-0.0,0.0,0.0,0.0,0.0,0.0,0.0,0.0,0.0
11.45,187.71744,346.66807,0.0,38.101,-28.53024,0.0,0.0,0.0,-0.29539,0.95557,0.0,0.0,-0.00961,2153.97072,3896.38495,0.0,2.47064,-0.0,0.0,0.0,0.0,0.0,0.0,0.0,0.0,0.0
11.467,188.35296,346.19211,0.0,38.16107,-28.58507,0.0,0.0,0.0,-0.29547,0.95555,0.0,0.0,-0.00903,2162.42646,3909.92002,0.0,2.47094,-0.0,0.0,0.0,0.0,0.0,0.0,0.0,0.0,0.0
11.484,188.98948,345.71524,0.0,38.22137,-28.63953,0.0,0.0,0.0,-0.29554,0.95552,0.0,0.0,-0.00845,2170.85706,3923.49007,0.0,2.47124,-0.0,0.0,0.0,0.0,0.0,0.0,0.0,0.0,0.0
11.5,189.62701,345.23746,0.0,38.2819,-28.69361,0.0,0.0,0.0,-0.2956,0.9555,0.0,0.0,-0.00787,2179.26205,3937.0948,0.0,2.47154,-0.0,0.0,0.0,0.0,0.0,0.0,0.0,0.0,0.0
11.517,190.26554,344.75879,0.0,38.34267,-28.74731,0.0,0.0,0.0,-0.29567,0.95548,0.0,0.0,-0.00729,2187.64092,3950.73395,0.0,2.47184,-0.0,0.0,0.0,0.0,0.0,0.0,0.0,0.0,0.0
11.534,190.9051,344.27922,0.0,38.40367,-28.80063,0.0,0.0,0.0,-0.29572,0.95547,0.0,0.0,-0.00671,2195.9932,3964.40726,0.0,2.47213,-0.0,0.0,0.0,0.0,0.0,0.0,0.0,0.0,0.0
11.55,191.54567,343.79877,0.0,38.4649,-28.85357,0.0,0.0,0.0,-0.29578,0.95545,0.0,0.0,-0.00614,2204.31843,3978.11447,0.0,2.47241,-0.0,0.0,0.0,0.0,0.0,0.0,0.0,0.0,0.0
11.567,192.18726,343.31744,0.0,38.52636,-28.90613,0.0,0.0,0.0,-0.29583,0.95543,0.0,0.0,-0.00557,2212.61613,3991.85533,0.0,2.4727,-0.0,0.0,0.0,0.0,0.0,0.0,0.0,0.0,0.0
11.584,192.82988,342.83524,0.0,38.58806,-28.95831,0.0,0.0,0.0,-0.29587,0.95542,0.0,0.0,-0.005,2220.88585,4005.62959,0.0,2.47298,-0.0,0.0,0.0,0.0,0.0,0.0,0.0,0.0,0.0
11.6,193.47353,342.35217,0.0,38.64998,-29.0101,0.0,0.0,0.0,-0.29591,0.95541,0.0,0.0,-0.00444,2229.12715,4019.43704,0.0,2.47325,-0.0,0.0,0.0,0.0,0.0,0.0,0.0,0.0,0.0
11.617,194.11822,341.86824,0.0,38.71212,-29.06151,0.0,0.0,0.0,-0.29595,0.9554,0.0,0.0,-0.00388,2237.33958,4033.27745,0.0,2.47353,-0.0,0.0,0.0,0.0,0.0,0.0,0.0,0.0,0.0
11.634,194.76394,341.38345,0.0,38.7745,-29.11254,0.0,0.0,0.0,-0.29598,0.95539,0.0,0.0,-0.00332,2245.52271,4047.1506,0.0,2.47379,-0.0,0.0,0.0,0.0,0.0,0.0,0.0,0.0,0.0
11.65,195.4107,340.89782,0.0,38.8371,-29.16317,0.0,0.0,0.0,-0.296,0.95538,0.0,0.0,-0.00276,2253.67612,4061.05628,0.0,2.47406,-0.0,0.0,0.0,0.0,0.0,0.0,0.0,0.0,0.0
11.667,196.05851,340.41135,0.0,38.89993,-29.21342,0.0,0.0,0.0,-0.29603,0.95537,0.0,0.0,-0.00221,2261.79939,4074.9943,0.0,2.47432,-0.0,0.0,0.0,0.0,0.0,0.0,0.0,0.0,0.0
11.684,196.70737,339.92405,0.0,38.96298,-29.26328,0.0,0.0,0.0,-0.29604,0.95537,0.0,0.0,-0.00166,2269.89211,4088.96445,0.0,2.47457,-0.0,0.0,0.0,0.0,0.0,0.0,0.0,0.0,0.0
11.701,197.35728,339.43591,0.0,39.02626,-29.31276,0.0,0.0,0.0,-0.29606,0.95536,0.0,0.0,-0.00111,2277.95388,4102.96655,0.0,2.47483,-0.0,0.0,0.0,0.0,0.0,0.0,0.0,0.0,0.0
11.717,198.00824,338.94696,0.0,39.08976,-29.36184,0.0,0.0,0.0,-0.29607,0.95536,0.0,0.0,-0.00056,2285.9843,4117.00042,0.0,2.47507,-0.0,0.0,0.0,0.0,0.0,0.0,0.0,0.0,0.0
11.734,198.66027,338.45719,0.0,39.15348,-29.41053,0.0,0.0,0.0,-0.29607,0.95536,0.0,0.0,-2.0e-5,2293.98298,4131.06589,0.0,2.47532,-0.0,0.0,0.0,0.0,0.0,0.0,0.0,0.0,0.0
11.751,199.31336,337.96661,0.0,39.21742,-29.45883,0.0,0.0,0.0,-0.29607,0.95536,0.0,0.0,0.00053,2301.94953,4145.16278,0.0,2.47556,-0.0,0.0,0.0,0.0,0.0,0.0,0.0,0.0,0.0
11.752,199.31336,337.96661,0.0,39.21742,-29.45883,0.0,0.0,0.0,-0.29607,0.95536,0.0,0.0,0.00053,2301.94953,4145.16278,0.0,2.47556,-0.0,0.0,0.0,0.0,0.0,0.0,0.0,0.0,0.0
11.784,199.96752,337.47523,0.0,39.28159,-29.50674,0.0,0.0,0.0,-0.29607,0.95536,0.0,0.0,0.00107,2309.88358,4159.29093,0.0,2.47579,-0.0,0.0,0.0,0.0,0.0,0.0,0.0,0.0,0.0
11.8,200.62275,336.98305,0.0,39.34597,-29.55426,0.0,0.0,0.0,-0.29606,0.95536,0.0,0.0,0.0016,2317.78475,4173.45018,0.0,2.47603,-0.0,0.0,0.0,0.0,0.0,0.0,0.0,0.0,0.0
11.817,201.27906,336.49009,0.0,39.41057,-29.60138,0.0,0.0,0.0,-0.29604,0.95537,0.0,0.0,0.00214,2325.65269,4187.64039,0.0,2.47625,-0.0,0.0,0.0,0.0,0.0,0.0,0.0,0.0,0.0
11.834,201.93644,335.99634,0.0,39.47539,-29.6481,0.0,0.0,0.0,-0.29603,0.95537,0.0,0.0,0.00267,2333.48702,4201.8614,0.0,2.47648,-0.0,0.0,0.0,0.0,0.0,0.0,0.0,0.0,0.0
11.851,202.5949,335.50182,0.0,39.54043,-29.69443,0.0,0.0,0.0,-0.29601,0.95538,0.0,0.0,0.0032,2341.2874,4216.11308,0.0,2.4767,-0.0,0.0,0.0,0.0,0.0,0.0,0.0,0.0,0.0
11.867,203.25445,335.00653,0.0,39.60568,-29.74037,0.0,0.0,0.0,-0.29598,0.95539,0.0,0.0,0.00372,2349.05348,4230.39527,0.0,2.47692,-0.0,0.0,0.0,0.0,0.0,0.0,0.0,0.0,0.0
11.884,203.91509,334.51048,0.0,39.67114,-29.7859,0.0,0.0,0.0,-0.29595,0.9554,0.0,0.0,0.00425,2356.7849,4244.70785,0.0,2.47713,-0.0,0.0,0.0,0.0,0.0,0.0,0.0,0.0,0.0
11.9,204.57683,334.01367,0.0,39.73682,-29.83104,0.0,0.0,0.0,-0.29592,0.95541,0.0,0.0,0.00477,2364.48133,4259.05069,0.0,2.47734,-0.0,0.0,0.0,0.0,0.0,0.0,0.0,0.0,0.0
11.917,205.23966,333.51612,0.0,39.80272,-29.87578,0.0,0.0,0.0,-0.29588,0.95542,0.0,0.0,0.00529,2372.14243,4273.42365,0.0,2.47755,-0.0,0.0,0.0,0.0,0.0,0.0,0.0,0.0,0.0
11.934,205.90359,333.01782,0.0,39.86882,-29.92011,0.0,0.0,0.0,-0.29584,0.95543,0.0,0.0,0.00581,2379.76787,4287.82661,0.0,2.47775,-0.0,0.0,0.0,0.0,0.0,0.0,0.0,0.0,0.0
11.951,206.56862,332.51878,0.0,39.93514,-29.96405,0.0,0.0,0.0,-0.29579,0.95545,0.0,0.0,0.00633,2387.35732,4302.25945,0.0,2.47795,-0.0,0.0,0.0,0.0,0.0,0.0,0.0,0.0,0.0
11.967,207.23476,332.01902,0.0,40.00166,-30.00759,0.0,0.0,0.0,-0.29574,0.95546,0.0,0.0,0.00684,2394.91046,4316.72205,0.0,2.47814,-0.0,0.0,0.0,0.0,0.0,0.0,0.0,0.0,0.0
11.984,207.90201,331.51853,0.0,40.0684,-30.05072,0.0,0.0,0.0,-0.29569,0.95548,0.0,0.0,0.00735,2402.42696,4331.21429,0.0,2.47833,-0.0,0.0,0.0,0.0,0.0,0.0,0.0,0.0,0.0
12.001,208.57037,331.01733,0.0,40.13534,-30.09345,0.0,0.0,0.0,-0.29563,0.9555,0.0,0.0,0.00786,2409.90651,4345.73605,0.0,2.47852,-0.0,0.0,0.0,0.0,0.0,0.0,0.0,0.0,0.0
12.017,209.23986,330.51542,0.0,40.20249,-30.13577,0.0,0.0,0.0,-0.29557,0.95552,0.0,0.0,0.00836,2417.34879,4360.28722,0.0,2.47871,-0.0,0.0,0.0,0.0,0.0,0.0,0.0,0.0,0.0
12.034,209.91046,330.01281,0.0,40.26984,-30.17769,0.0,0.0,0.0,-0.2955,0.95554,0.0,0.0,0.00887,2424.7535,4374.86768,0.0,2.47889,-0.0,0.0,0.0,0.0,0.0,0.0,0.0,0.0,0.0
12.051,210.58219,329.5095,0.0,40.3374,-30.21921,0.0,0.0,0.0,-0.29543,0.95556,0.0,0.0,0.00937,2432.12031,4389.47733,0.0,2.47907,-0.0,0.0,0.0,0.0,0.0,0.0,0.0,0.0,0.0
12.067,211.25504,329.00551,0.0,40.40516,-30.26032,0.0,0.0,0.0,-0.29535,0.95558,0.0,0.0,0.00987,2439.44893,4404.11605,0.0,2.47924,-0.0,0.0,0.0,0.0,0.0,0.0,0.0,0.0,0.0
12.084,211.92903,328.50083,0.0,40.47313,-30.30102,0.0,0.0,0.0,-0.29527,0.95561,0.0,0.0,0.01037,2446.73905,4418.78372,0.0,2.47942,-0.0,0.0,0.0,0.0,0.0,0.0,0.0,0.0,0.0
12.1,212.60415,327.99548,0.0,40.54129,-30.34131,0.0,0.0,0.0,-0.29519,0.95563,0.0,0.0,0.01086,2453.99037,4433.48025,0.0,2.47959,-0.0,0.0,0.0,0.0,0.0,0.0,0.0,0.0,0.0
12.117,213.2804,327.48945,0.0,40.60966,-30.38119,0.0,0.0,0.0,-0.29511,0.95566,0.0,0.0,0.01135,2461.20258,4448.2055,0.0,2.47975,-0.0,0.0,0.0,0.0,0.0,0.0,0.0,0.0,0.0
12.134,213.9578,326.98277,0.0,40.67823,-30.42066,0.0,0.0,0.0,-0.29502,0.95569,0.0,0.0,0.01184,2468.37539,4462.95938,0.0,2.47992,-0.0,0.0,0.0,0.0,0.0,0.0,0.0,0.0,0.0
12.15,214.63635,326.47544,0.0,40.74699,-30.45973,0.0,0.0,0.0,-0.29492,0.95571,0.0,0.0,0.01233,2475.5085,4477.74177,0.0,2.48008,-0.0,0.0,0.0,0.0,0.0,0.0,0.0,0.0,0.0
12.167,215.31604,325.96745,0.0,40.81595,-30.49838,0.0,0.0,0.0,-0.29482,0.95575,0.0,0.0,0.01282,2482.60161,4492.55256,0.0,2.48024,-0.0,0.0,0.0,0.0,0.0,0.0,0.0,0.0,0.0
12.184,215.99688,325.45883,0.0,40.88511,-30.53662,0.0,0.0,0.0,-0.29472,0.95578,0.0,0.0,0.0133,2489.65443,4507.39163,0.0,2.48039,-0.0,0.0,0.0,0.0,0.0,0.0,0.0,0.0,0.0
12.2,216.67888,324.94957,0.0,40.95446,-30.57444,0.0,0.0,0.0,-0.29462,0.95581,0.0,0.0,0.01378,2496.66666,4522.25887,0.0,2.48055,-0.0,0.0,0.0,0.0,0.0,0.0,0.0,0.0,0.0
12.217,217.36203,324.43968,0.0,41.02401,-30.61185,0.0,0.0,0.0,-0.29451,0.95584,0.0,0.0,0.01426,2503.63801,4537.15415,0.0,2.4807,-0.0,0.0,0.0,0.0,0.0,0.0,0.0,0.0,0.0
12.234,218.04635,323.92918,0.0,41.09374,-30.64885,0.0,0.0,0.0,-0.29439,0.95588,0.0,0.0,0.01474,2510.56819,4552.07736,0.0,2.48085,-0.0,0.0,0.0,0.0,0.0,0.0,0.0,0.0,0.0
12.25,218.73182,323.41806,0.0,41.16367,-30.68543,0.0,0.0,0.0,-0.29427,0.95591,0.0,0.0,0.01522,2517.4569,4567.02838,0.0,2.48099,-0.0,0.0,0.0,0.0,0.0,0.0,0.0,0.0,0.0
12.267,219.41847,322.90633,0.0,41.23379,-30.7216,0.0,0.0,0.0,-0.29415,0.95595,0.0,0.0,0.01569,2524.30386,4582.00708,0.0,2.48113,-0.0,0.0,0.0,0.0,0.0,0.0,0.0,0.0,0.0
12.284,220.10628,322.39401,0.0,41.3041,-30.75735,0.0,0.0,0.0,-0.29403,0.95599,0.0,0.0,0.01616,2531.10877,4597.01334,0.0,2.48128,-0.0,0.0,0.0,0.0,0.0,0.0,0.0,0.0,0.0
12.3,220.79527,321.88109,0.0,41.3746,-30.79268,0.0,0.0,0.0,-0.2939,0.95603,0.0,0.0,0.01663,2537.87134,4612.04704,0.0,2.48142,-0.0,0.0,0.0,0.0,0.0,0.0,0.0,0.0,0.0
12.317,221.48544,321.36759,0.0,41.44528,-30.82759,0.0,0.0,0.0,-0.29377,0.95607,0.0,0.0,0.0171,2544.59128,4627.10803,0.0,2.48155,-0.0,0.0,0.0,0.0,0.0,0.0,0.0,0.0,0.0
12.334,222.17678,320.85351,0.0,41.51615,-30.86209,0.0,0.0,0.0,-0.29363,0.95611,0.0,0.0,0.01756,2551.2683,4642.19619,0.0,2.48169,-0.0,0.0,0.0,0.0,0.0,0.0,0.0,0.0,0.0
12.35,222.86931,320.33886,0.0,41.5872,-30.89616,0.0,0.0,0.0,-0.29349,0.95616,0.0,0.0,0.01803,2557.90211,4657.31138,0.0,2.48182,-0.0,0.0,0.0,0.0,0.0,0.0,0.0,0.0,0.0
12.367,223.56303,319.82364,0.0,41.65844,-30.92982,0.0,0.0,0.0,-0.29335,0.9562,0.0,0.0,0.01849,2564.49242,4672.45346,0.0,2.48195,-0.0,0.0,0.0,0.0,0.0,0.0,0.0,0.0,0.0
12.384,224.25793,319.30787,0.0,41.72986,-30.96305,0.0,0.0,0.0,-0.2932,0.95624,0.0,0.0,0.01894,2571.03894,4687.6223,0.0,2.48208,-0.0,0.0,0.0,0.0,0.0,0.0,0.0,0.0,0.0
12.4,224.95402,318.79154,0.0,41.80145,-30.99586,0.0,0.0,0.0,-0.29305,0.95629,0.0,0.0,0.0194,2577.54137,4702.81773,0.0,2.48221,-0.0,0.0,0.0,0.0,0.0,0.0,0.0,0.0,0.0
12.417,225.65131,318.27467,0.0,41.87323,-31.02825,0.0,0.0,0.0,-0.29289,0.95634,0.0,0.0,0.01986,2583.99943,4718.03962,0.0,2.48233,-0.0,0.0,0.0,0.0,0.0,0.0,0.0,0.0,0.0
12.434,226.3498,317.75727,0.0,41.94519,-31.06021,0.0,0.0,0.0,-0.29274,0.95639,0.0,0.0,0.02031,2590.41282,4733.28782,0.0,2.48246,-0.0,0.0,0.0,0.0,0.0,0.0,0.0,0.0,0.0
12.45,227.04949,317.23934,0.0,42.01732,-31.09175,0.0,0.0,0.0,-0.29257,0.95644,0.0,0.0,0.02076,2596.78126,4748.56216,0.0,2.48258,-0.0,0.0,0.0,0.0,0.0,0.0,0.0,0.0,0.0
12.467,227.75038,316.72088,0.0,42.08963,-31.12287,0.0,0.0,0.0,-0.29241,0.95649,0.0,0.0,0.02121,2603.10444,4763.8625,0.0,2.4827,-0.0,0.0,0.0,0.0,0.0,0.0,0.0,0.0,0.0
12.484,228.45248,316.20191,0.0,42.16211,-31.15355,0.0,0.0,0.0,-0.29224,0.95654,0.0,0.0,0.02165,2609.38209,4779.18866,0.0,2.48282,-0.0,0.0,0.0,0.0,0.0,0.0,0.0,0.0,0.0
12.5,229.15578,315.68243,0.0,42.23477,-31.18382,0.0,0.0,0.0,-0.29207,0.95659,0.0,0.0,0.0221,2615.61389,4794.54048,0.0,2.48293,-0.0,0.0,0.0,0.0,0.0,0.0,0.0,0.0,0.0
12.517,229.8603,315.16245,0.0,42.3076,-31.21365,0.0,0.0,0.0,-0.29189,0.95664,0.0,0.0,0.02254,2621.79957,4809.91779,0.0,2.48305,-0.0,0.0,0.0,0.0,0.0,0.0,0.0,0.0,0.0
12.534,230.56604,314.64198,0.0,42.38059,-31.24306,0.0,0.0,0.0,-0.29171,0.9567,0.0,0.0,0.02298,2627.93883,4825.32041,0.0,2.48316,-0.0,0.0,0.0,0.0,0.0,0.0,0.0,0.0,0.0
12.55,231.27299,314.12102,0.0,42.45376,-31.27204,0.0,0.0,0.0,-0.29153,0.95676,0.0,0.0,0.02342,2634.03137,4840.74818,0.0,2.48328,-0.0,0.0,0.0,0.0,0.0,0.0,0.0,0.0,0.0
12.567,231.98116,313.59958,0.0,42.5271,-31.30059,0.0,0.0,0.0,-0.29134,0.95681,0.0,0.0,0.02386,2640.0769,4856.20091,0.0,2.48339,-0.0,0.0,0.0,0.0,0.0,0.0,0.0,0.0,0.0
12.584,232.69056,313.07767,0.0,42.6006,-31.32871,0.0,0.0,0.0,-0.29115,0.95687,0.0,0.0,0.02429,2646.07512,4871.67841,0.0,2.4835,-0.0,0.0,0.0,0.0,0.0,0.0,0.0,0.0,0.0
12.6,233.40119,312.5553,0.0,42.67427,-31.3564,0.0,0.0,0.0,-0.29096,0.95693,0.0,0.0,0.02473,2652.02574,4887.1805,0.0,2.48361,-0.0,0.0,0.0,0.0,0.0,0.0,0.0,0.0,0.0
12.617,234.11304,312.03246,0.0,42.7481,-31.38366,0.0,0.0,0.0,-0.29076,0.95699,0.0,0.0,0.02516,2657.92847,4902.70698,0.0,2.48372,-0.0,0.0,0.0,0.0,0.0,0.0,0.0,0.0,0.0
12.634,234.82612,311.50918,0.0,42.82209,-31.41048,0.0,0.0,0.0,-0.29056,0.95705,0.0,0.0,0.02559,2663.783,4918.25765,0.0,2.48382,-0.0,0.0,0.0,0.0,0.0,0.0,0.0,0.0,0.0
12.651,235.54044,310.98545,0.0,42.89625,-31.43687,0.0,0.0,0.0,-0.29036,0.95711,0.0,0.0,0.02601,2669.58905,4933.83233,0.0,2.48393,-0.0,0.0,0.0,0.0,0.0,0.0,0.0,0.0,0.0
12.667,236.256,310.46129,0.0,42.97056,-31.46283,0.0,0.0,0.0,-0.29015,0.95718,0.0,0.0,0.02644,2675.34632,4949.4308,0.0,2.48403,-0.0,0.0,0.0,0.0,0.0,0.0,0.0,0.0,0.0
12.684,236.9728,309.93669,0.0,43.04504,-31.48836,0.0,0.0,0.0,-0.28994,0.95724,0.0,0.0,0.02686,2681.05451,4965.05285,0.0,2.48413,-0.0,0.0,0.0,0.0,0.0,0.0,0.0,0.0,0.0
12.7,237.69084,309.41168,0.0,43.11967,-31.51345,0.0,0.0,0.0,-0.28972,0.9573,0.0,0.0,0.02728,2686.71332,4980.69828,0.0,2.48423,-0.0,0.0,0.0,0.0,0.0,0.0,0.0,0.0,0.0
12.717,238.41012,308.88625,0.0,43.19445,-31.53811,0.0,0.0,0.0,-0.28951,0.95737,0.0,0.0,0.0277,2692.32246,4996.36687,0.0,2.48434,-0.0,0.0,0.0,0.0,0.0,0.0,0.0,0.0,0.0
12.734,239.13065,308.36041,0.0,43.26939,-31.56233,0.0,0.0,0.0,-0.28928,0.95744,0.0,0.0,0.02812,2697.88163,5012.05841,0.0,2.48444,-0.0,0.0,0.0,0.0,0.0,0.0,0.0,0.0,0.0
12.751,239.85243,307.83417,0.0,43.34449,-31.58611,0.0,0.0,0.0,-0.28906,0.9575,0.0,0.0,0.02853,2703.39054,5027.77266,0.0,2.48453,-0.0,0.0,0.0,0.0,0.0,0.0,0.0,0.0,0.0
12.767,240.57547,307.30754,0.0,43.41973,-31.60946,0.0,0.0,0.0,-0.28883,0.95757,0.0,0.0,0.02895,2708.84889,5043.50941,0.0,2.48463,-0.0,0.0,0.0,0.0,0.0,0.0,0.0,0.0,0.0
12.784,241.29976,306.78053,0.0,43.49513,-31.63237,0.0,0.0,0.0,-0.2886,0.95764,0.0,0.0,0.02936,2714.25638,5059.26843,0.0,2.48473,-0.0,0.0,0.0,0.0,0.0,0.0,0.0,0.0,0.0
12.8,242.02531,306.25314,0.0,43.57068,-31.65484,0.0,0.0,0.0,-0.28837,0.95771,0.0,0.0,0.02977,2719.61272,5075.04948,0.0,2.48482,-0.0,0.0,0.0,0.0,0.0,0.0,0.0,0.0,0.0
12.817,242.75212,305.72537,0.0,43.64637,-31.67687,0.0,0.0,0.0,-0.28813,0.95778,0.0,0.0,0.03018,2724.91761,5090.85233,0.0,2.48492,-0.0,0.0,0.0,0.0,0.0,0.0,0.0,0.0,0.0
12.834,243.48019,305.19724,0.0,43.72221,-31.69846,0.0,0.0,0.0,-0.28789,0.95786,0.0,0.0,0.03059,2730.17077,5106.67674,0.0,2.48501,-0.0,0.0,0.0,0.0,0.0,0.0,0.0,0.0,0.0
12.85,244.20953,304.66876,0.0,43.79819,-31.71961,0.0,0.0,0.0,-0.28765,0.95793,0.0,0.0,0.03099,2735.37188,5122.52246,0.0,2.4851,-0.0,0.0,0.0,0.0,0.0,0.0,0.0,0.0,0.0
12.867,244.94013,304.13993,0.0,43.87431,-31.74033,0.0,0.0,0.0,-0.2874,0.958,0.0,0.0,0.03139,2740.52067,5138.38925,0.0,2.4852,-0.0,0.0,0.0,0.0,0.0,0.0,0.0,0.0,0.0
12.884,245.672,303.61075,0.0,43.95058,-31.7606,0.0,0.0,0.0,-0.28715,0.95808,0.0,0.0,0.03179,2745.61683,5154.27687,0.0,2.48529,-0.0,0.0,0.0,0.0,0.0,0.0,0.0,0.0,0.0
12.9,246.40515,303.08124,0.0,44.02699,-31.78042,0.0,0.0,0.0,-0.28689,0.95816,0.0,0.0,0.03219,2750.66008,5170.18506,0.0,2.48538,-0.0,0.0,0.0,0.0,0.0,0.0,0.0,0.0,0.0
12.917,247.13957,302.55141,0.0,44.10353,-31.79981,0.0,0.0,0.0,-0.28664,0.95823,0.0,0.0,0.03259,2755.65012,5186.11356,0.0,2.48547,-0.0,0.0,0.0,0.0,0.0,0.0,0.0,0.0,0.0
12.934,247.87527,302.02125,0.0,44.18022,-31.81875,0.0,0.0,0.0,-0.28638,0.95831,0.0,0.0,0.03298,2760.58666,5202.06212,0.0,2.48556,-0.0,0.0,0.0,0.0,0.0,0.0,0.0,0.0,0.0
12.95,248.61225,301.49079,0.0,44.25704,-31.83725,0.0,0.0,0.0,-0.28611,0.95839,0.0,0.0,0.03338,2765.4694,5218.03047,0.0,2.48564,-0.0,0.0,0.0,0.0,0.0,0.0,0.0,0.0,0.0
12.967,249.3505,300.96002,0.0,44.33399,-31.8553,0.0,0.0,0.0,-0.28585,0.95847,0.0,0.0,0.03377,2770.29807,5234.01836,0.0,2.48573,-0.0,0.0,0.0,0.0,0.0,0.0,0.0,0.0,0.0
12.984,250.09005,300.42895,0.0,44.41107,-31.87291,0.0,0.0,0.0,-0.28558,0.95855,0.0,0.0,0.03416,2775.07237,5250.02551,0.0,2.48582,-0.0,0.0,0.0,0.0,0.0,0.0,0.0,0.0,0.0
13.0,250.83087,299.89759,0.0,44.48829,-31.89008,0.0,0.0,0.0,-0.2853,0.95863,0.0,0.0,0.03455,2779.79201,5266.05165,0.0,2.4859,-0.0,0.0,0.0,0.0,0.0,0.0,0.0,0.0,0.0
13.017,251.57299,299.36595,0.0,44.56564,-31.9068,0.0,0.0,0.0,-0.28503,0.95871,0.0,0.0,0.03493,2784.45671,5282.09652,0.0,2.48599,-0.0,0.0,0.0,0.0,0.0,0.0,0.0,0.0,0.0
13.034,252.3164,298.83403,0.0,44.64311,-31.92307,0.0,0.0,0.0,-0.28475,0.9588,0.0,0.0,0.03532,2789.06619,5298.15984,0.0,2.48607,-0.0,0.0,0.0,0.0,0.0,0.0,0.0,0.0,0.0
13.051,253.0611,298.30185,0.0,44.72071,-31.9389,0.0,0.0,0.0,-0.28447,0.95888,0.0,0.0,0.0357,2793.62015,5314.24133,0.0,2.48616,-0.0,0.0,0.0,0.0,0.0,0.0,0.0,0.0,0.0
13.067,253.80709,297.76941,0.0,44.79844,-31.95428,0.0,0.0,0.0,-0.28418,0.95896,0.0,0.0,0.03608,2798.11831,5330.34071,0.0,2.48624,-0.0,0.0,0.0,0.0,0.0,0.0,0.0,0.0,0.0
13.084,254.55438,297.23671,0.0,44.87629,-31.96921,0.0,0.0,0.0,-0.28389,0.95905,0.0,0.0,0.03646,2802.5604,5346.4577,0.0,2.48632,-0.0,0.0,0.0,0.0,0.0,0.0,0.0,0.0,0.0
13.1,255.30297,296.70377,0.0,44.95426,-31.98369,0.0,0.0,0.0,-0.2836,0.95914,0.0,0.0,0.03684,2806.94614,5362.59201,0.0,2.4864,-0.0,0.0,0.0,0.0,0.0,0.0,0.0,0.0,0.0
13.117,256.05285,296.17059,0.0,45.03235,-31.99773,0.0,0.0,0.0,-0.28331,0.95922,0.0,0.0,0.03722,2811.27523,5378.74336,0.0,2.48648,-0.0,0.0,0.0,0.0,0.0,0.0,0.0,0.0,0.0
13.134,256.80405,295.63718,0.0,45.11056,-32.01131,0.0,0.0,0.0,-0.28301,0.95931,0.0,0.0,0.03759,2815.54742,5394.91145,0.0,2.48656,-0.0,0.0,0.0,0.0,0.0,0.0,0.0,0.0,0.0
13.151,257.55654,295.10355,0.0,45.18888,-32.02445,0.0,0.0,0.0,-0.28271,0.9594,0.0,0.0,0.03796,2819.76242,5411.096,0.0,2.48664,-0.0,0.0,0.0,0.0,0.0,0.0,0.0,0.0,0.0
13.167,258.31034,294.56971,0.0,45.26733,-32.03713,0.0,0.0,0.0,-0.28241,0.95949,0.0,0.0,0.03833,2823.91995,5427.29672,0.0,2.48672,-0.0,0.0,0.0,0.0,0.0,0.0,0.0,0.0,0.0
13.184,259.06545,294.03565,0.0,45.34588,-32.04937,0.0,0.0,0.0,-0.2821,0.95958,0.0,0.0,0.0387,2828.01976,5443.5133,0.0,2.4868,-0.0,0.0,0.0,0.0,0.0,0.0,0.0,0.0,0.0
13.2,259.82187,293.5014,0.0,45.42455,-32.06115,0.0,0.0,0.0,-0.28179,0.95967,0.0,0.0,0.03907,2832.06156,5459.74544,0.0,2.48688,-0.0,0.0,0.0,0.0,0.0,0.0,0.0,0.0,0.0
13.217,260.5796,292.96695,0.0,45.50333,-32.07249,0.0,0.0,0.0,-0.28148,0.95976,0.0,0.0,0.03943,2836.04508,5475.99285,0.0,2.48696,-0.0,0.0,0.0,0.0,0.0,0.0,0.0,0.0,0.0
13.234,261.33865,292.43232,0.0,45.58222,-32.08337,0.0,0.0,0.0,-0.28116,0.95985,0.0,0.0,0.0398,2839.97006,5492.25523,0.0,2.48703,-0.0,0.0,0.0,0.0,0.0,0.0,0.0,0.0,0.0
13.25,262.09901,291.89751,0.0,45.66121,-32.0938,0.0,0.0,0.0,-0.28084,0.95995,0.0,0.0,0.04016,2843.83624,5508.53227,0.0,2.48711,-0.0,0.0,0.0,0.0,0.0,0.0,0.0,0.0,0.0
13.267,262.86069,291.36253,0.0,45.74031,-32.10378,0.0,0.0,0.0,-0.28052,0.96004,0.0,0.0,0.04052,2847.64336,5524.82366,0.0,2.48718,-0.0,0.0,0.0,0.0,0.0,0.0,0.0,0.0,0.0
13.284,263.62369,290.82739,0.0,45.81952,-32.1133,0.0,0.0,0.0,-0.2802,0.96014,0.0,0.0,0.04088,2851.39114,5541.1291,0.0,2.48726,-0.0,0.0,0.0,0.0,0.0,0.0,0.0,0.0,0.0
13.3,264.38801,290.29209,0.0,45.89883,-32.12237,0.0,0.0,0.0,-0.27987,0.96023,0.0,0.0,0.04124,2855.07933,5557.44827,0.0,2.48733,-0.0,0.0,0.0,0.0,0.0,0.0,0.0,0.0,0.0
13.329,265.15365,289.75664,0.0,45.97824,-32.13099,0.0,0.0,0.0,-0.27954,0.96033,0.0,0.0,0.04159,2858.70768,5573.78087,0.0,2.48741,-0.0,0.0,0.0,0.0,0.0,0.0,0.0,0.0,0.0
13.334,265.92062,289.22106,0.0,46.05774,-32.13915,0.0,0.0,0.0,-0.27921,0.96042,0.0,0.0,0.04194,2862.27592,5590.12658,0.0,2.48748,-0.0,0.0,0.0,0.0,0.0,0.0,0.0,0.0,0.0
13.35,266.68891,288.68534,0.0,46.13735,-32.14686,0.0,0.0,0.0,-0.27887,0.96052,0.0,0.0,0.0423,2865.78381,5606.48508,0.0,2.48755,-0.0,0.0,0.0,0.0,0.0,0.0,0.0,0.0,0.0
13.367,267.45853,288.1495,0.0,46.21705,-32.15411,0.0,0.0,0.0,-0.27854,0.96062,0.0,0.0,0.04265,2869.2311,5622.85607,0.0,2.48763,-0.0,0.0,0.0,0.0,0.0,0.0,0.0,0.0,0.0
13.384,268.22948,287.61354,0.0,46.29684,-32.16091,0.0,0.0,0.0,-0.27819,0.96072,0.0,0.0,0.043,2872.61753,5639.23921,0.0,2.4877,-0.0,0.0,0.0,0.0,0.0,0.0,0.0,0.0,0.0
13.4,269.00176,287.07748,0.0,46.37673,-32.16725,0.0,0.0,0.0,-0.27785,0.96082,0.0,0.0,0.04334,2875.94285,5655.63419,0.0,2.48777,-0.0,0.0,0.0,0.0,0.0,0.0,0.0,0.0,0.0
13.417,269.77537,286.54131,0.0,46.45671,-32.17314,0.0,0.0,0.0,-0.2775,0.96092,0.0,0.0,0.04369,2879.20684,5672.0407,0.0,2.48784,-0.0,0.0,0.0,0.0,0.0,0.0,0.0,0.0,0.0
13.434,270.55032,286.00504,0.0,46.53678,-32.17857,0.0,0.0,0.0,-0.27715,0.96102,0.0,0.0,0.04403,2882.40923,5688.45839,0.0,2.48791,-0.0,0.0,0.0,0.0,0.0,0.0,0.0,0.0,0.0
13.45,271.3266,285.46869,0.0,46.61693,-32.18355,0.0,0.0,0.0,-0.2768,0.96112,0.0,0.0,0.04437,2885.5498,5704.88696,0.0,2.48798,-0.0,0.0,0.0,0.0,0.0,0.0,0.0,0.0,0.0
13.467,272.10422,284.93226,0.0,46.69717,-32.18807,0.0,0.0,0.0,-0.27645,0.96122,0.0,0.0,0.04471,2888.6283,5721.32606,0.0,2.48805,-0.0,0.0,0.0,0.0,0.0,0.0,0.0,0.0,0.0
13.484,272.88317,284.39576,0.0,46.77749,-32.19213,0.0,0.0,0.0,-0.27609,0.96133,0.0,0.0,0.04505,2891.6445,5737.77538,0.0,2.48812,-0.0,0.0,0.0,0.0,0.0,0.0,0.0,0.0,0.0
13.5,273.66347,283.85919,0.0,46.8579,-32.19573,0.0,0.0,0.0,-0.27573,0.96143,0.0,0.0,0.04539,2894.59816,5754.23458,0.0,2.48819,-0.0,0.0,0.0,0.0,0.0,0.0,0.0,0.0,0.0
13.517,274.4451,283.32257,0.0,46.93838,-32.19888,0.0,0.0,0.0,-0.27536,0.96154,0.0,0.0,0.04573,2897.48906,5770.70334,0.0,2.48826,-0.0,0.0,0.0,0.0,0.0,0.0,0.0,0.0,0.0
13.534,275.22808,282.7859,0.0,47.01895,-32.20157,0.0,0.0,0.0,-0.275,0.96164,0.0,0.0,0.04606,2900.31696,5787.18131,0.0,2.48832,-0.0,0.0,0.0,0.0,0.0,0.0,0.0,0.0,0.0
13.55,276.0124,282.24919,0.0,47.09959,-32.2038,0.0,0.0,0.0,-0.27463,0.96175,0.0,0.0,0.04639,2903.08164,5803.66817,0.0,2.48839,-0.0,0.0,0.0,0.0,0.0,0.0,0.0,0.0,0.0
13.567,276.79807,281.71244,0.0,47.18031,-32.20557,0.0,0.0,0.0,-0.27426,0.96185,0.0,0.0,0.04672,2905.78288,5820.16358,0.0,2.48846,-0.0,0.0,0.0,0.0,0.0,0.0,0.0,0.0,0.0
13.584,277.58508,281.17567,0.0,47.2611,-32.20689,0.0,0.0,0.0,-0.27388,0.96196,0.0,0.0,0.04705,2908.42045,5836.66719,0.0,2.48853,-0.0,0.0,0.0,0.0,0.0,0.0,0.0,0.0,0.0
13.6,278.37344,280.63889,0.0,47.34196,-32.20774,0.0,0.0,0.0,-0.2735,0.96207,0.0,0.0,0.04738,2910.99414,5853.17868,0.0,2.48859,-0.0,0.0,0.0,0.0,0.0,0.0,0.0,0.0,0.0
13.617,279.16314,280.10209,0.0,47.42289,-32.20814,0.0,0.0,0.0,-0.27312,0.96217,0.0,0.0,0.04771,2913.50372,5869.6977,0.0,2.48866,-0.0,0.0,0.0,0.0,0.0,0.0,0.0,0.0,0.0
13.634,279.9542,279.56528,0.0,47.50389,-32.20808,0.0,0.0,0.0,-0.27274,0.96228,0.0,0.0,0.04803,2915.94899,5886.22391,0.0,2.48872,-0.0,0.0,0.0,0.0,0.0,0.0,0.0,0.0,0.0
13.65,280.74661,279.02849,0.0,47.58495,-32.20756,0.0,0.0,0.0,-0.27236,0.96239,0.0,0.0,0.04835,2918.32973,5902.75697,0.0,2.48879,-0.0,0.0,0.0,0.0,0.0,0.0,0.0,0.0,0.0
13.667,281.54037,278.4917,0.0,47.66608,-32.20658,0.0,0.0,0.0,-0.27197,0.9625,0.0,0.0,0.04868,2920.64573,5919.29652,0.0,2.48885,-0.0,0.0,0.0,0.0,0.0,0.0,0.0,0.0,0.0
13.684,282.33548,277.95494,0.0,47.74727,-32.20513,0.0,0.0,0.0,-0.27158,0.96261,0.0,0.0,0.049,2922.89679,5935.84223,0.0,2.48892,-0.0,0.0,0.0,0.0,0.0,0.0,0.0,0.0,0.0
13.701,283.13194,277.4182,0.0,47.82852,-32.20323,0.0,0.0,0.0,-0.27119,0.96272,0.0,0.0,0.04931,2925.0827,5952.39375,0.0,2.48898,-0.0,0.0,0.0,0.0,0.0,0.0,0.0,0.0,0.0
13.717,283.92976,276.8815,0.0,47.90983,-32.20087,0.0,0.0,0.0,-0.27079,0.96283,0.0,0.0,0.04963,2927.20326,5968.95072,0.0,2.48905,-0.0,0.0,0.0,0.0,0.0,0.0,0.0,0.0,0.0
13.734,284.72894,276.34484,0.0,47.9912,-32.19805,0.0,0.0,0.0,-0.27039,0.96295,0.0,0.0,0.04995,2929.25826,5985.5128,0.0,2.48911,-0.0,0.0,0.0,0.0,0.0,0.0,0.0,0.0,0.0
13.75,285.52947,275.80824,0.0,48.07263,-32.19477,0.0,0.0,0.0,-0.26999,0.96306,0.0,0.0,0.05026,2931.24752,6002.07963,0.0,2.48918,-0.0,0.0,0.0,0.0,0.0,0.0,0.0,0.0,0.0
13.767,286.33136,275.27169,0.0,48.1541,-32.19103,0.0,0.0,0.0,-0.26959,0.96317,0.0,0.0,0.05057,2933.17084,6018.65086,0.0,2.48924,-0.0,0.0,0.0,0.0,0.0,0.0,0.0,0.0,0.0
13.784,287.13461,274.73521,0.0,48.23563,-32.18683,0.0,0.0,0.0,-0.26918,0.96329,0.0,0.0,0.05088,2935.02802,6035.22614,0.0,2.4893,-0.0,0.0,0.0,0.0,0.0,0.0,0.0,0.0,0.0
13.8,287.93921,274.1988,0.0,48.31721,-32.18217,0.0,0.0,0.0,-0.26877,0.9634,0.0,0.0,0.05119,2936.81887,6051.80511,0.0,2.48937,-0.0,0.0,0.0,0.0,0.0,0.0,0.0,0.0,0.0
13.817,288.74518,273.66247,0.0,48.39884,-32.17705,0.0,0.0,0.0,-0.26836,0.96351,0.0,0.0,0.0515,2938.54321,6068.38741,0.0,2.48943,-0.0,0.0,0.0,0.0,0.0,0.0,0.0,0.0,0.0
13.834,289.55251,273.12623,0.0,48.48051,-32.17147,0.0,0.0,0.0,-0.26795,0.96363,0.0,0.0,0.0518,2940.20086,6084.97268,0.0,2.48949,-0.0,0.0,0.0,0.0,0.0,0.0,0.0,0.0,0.0
13.85,290.3612,272.59009,0.0,48.56223,-32.16542,0.0,0.0,0.0,-0.26753,0.96374,0.0,0.0,0.05211,2941.79163,6101.56056,0.0,2.48955,-0.0,0.0,0.0,0.0,0.0,0.0,0.0,0.0,0.0
13.867,291.17125,272.05406,0.0,48.64398,-32.15892,0.0,0.0,0.0,-0.26712,0.96386,0.0,0.0,0.05241,2943.31534,6118.15069,0.0,2.48962,-0.0,0.0,0.0,0.0,0.0,0.0,0.0,0.0,0.0
13.884,291.98267,271.51813,0.0,48.72578,-32.15195,0.0,0.0,0.0,-0.26669,0.96398,0.0,0.0,0.05271,2944.77182,6134.7427,0.0,2.48968,-0.0,0.0,0.0,0.0,0.0,0.0,0.0,0.0,0.0
13.9,292.79544,270.98233,0.0,48.80762,-32.14453,0.0,0.0,0.0,-0.26627,0.96409,0.0,0.0,0.05301,2946.16088,6151.33624,0.0,2.48974,-0.0,0.0,0.0,0.0,0.0,0.0,0.0,0.0,0.0
13.917,293.60959,270.44665,0.0,48.8895,-32.13664,0.0,0.0,0.0,-0.26584,0.96421,0.0,0.0,0.05331,2947.48236,6167.93092,0.0,2.4898,-0.0,0.0,0.0,0.0,0.0,0.0,0.0,0.0,0.0
13.934,294.42509,269.91111,0.0,48.9714,-32.12829,0.0,0.0,0.0,-0.26542,0.96433,0.0,0.0,0.05361,2948.73609,6184.52639,0.0,2.48986,-0.0,0.0,0.0,0.0,0.0,0.0,0.0,0.0,0.0
13.951,295.24197,269.37571,0.0,49.05335,-32.11948,0.0,0.0,0.0,-0.26499,0.96445,0.0,0.0,0.0539,2949.92191,6201.12228,0.0,2.48993,-0.0,0.0,0.0,0.0,0.0,0.0,0.0,0.0,0.0
13.969,296.06021,268.84047,0.0,49.13532,-32.11021,0.0,0.0,0.0,-0.26455,0.96457,0.0,0.0,0.0542,2951.03964,6217.71822,0.0,2.48999,-0.0,0.0,0.0,0.0,0.0,0.0,0.0,0.0,0.0
13.984,296.87981,268.30538,0.0,49.21732,-32.10048,0.0,0.0,0.0,-0.26412,0.96469,0.0,0.0,0.05449,2952.08912,6234.31382,0.0,2.49005,-0.0,0.0,0.0,0.0,0.0,0.0,0.0,0.0,0.0
14.0,297.70078,267.77045,0.0,49.29935,-32.09029,0.0,0.0,0.0,-0.26368,0.96481,0.0,0.0,0.05478,2953.07021,6250.90873,0.0,2.49011,-0.0,0.0,0.0,0.0,0.0,0.0,0.0,0.0,0.0
14.017,298.52312,267.2357,0.0,49.38141,-32.07964,0.0,0.0,0.0,-0.26324,0.96493,0.0,0.0,0.05507,2953.98273,6267.50256,0.0,2.49017,-0.0,0.0,0.0,0.0,0.0,0.0,0.0,0.0,0.0
14.034,299.34683,266.70114,0.0,49.46349,-32.06852,0.0,0.0,0.0,-0.2628,0.96505,0.0,0.0,0.05536,2954.82654,6284.09494,0.0,2.49023,-0.0,0.0,0.0,0.0,0.0,0.0,0.0,0.0,0.0
14.05,300.17191,266.16676,0.0,49.54559,-32.05695,0.0,0.0,0.0,-0.26235,0.96517,0.0,0.0,0.05565,2955.60148,6300.68549,0.0,2.49029,-0.0,0.0,0.0,0.0,0.0,0.0,0.0,0.0,0.0
14.067,300.99835,265.63258,0.0,49.62771,-32.04491,0.0,0.0,0.0,-0.2619,0.96529,0.0,0.0,0.05593,2956.3074,6317.27383,0.0,2.49035,-0.0,0.0,0.0,0.0,0.0,0.0,0.0,0.0,0.0
14.084,301.82616,265.0986,0.0,49.70984,-32.03241,0.0,0.0,0.0,-0.26145,0.96541,0.0,0.0,0.05622,2956.94417,6333.85958,0.0,2.49041,-0.0,0.0,0.0,0.0,0.0,0.0,0.0,0.0,0.0
14.1,302.65534,264.56483,0.0,49.792,-32.01946,0.0,0.0,0.0,-0.261,0.96554,0.0,0.0,0.0565,2957.51163,6350.44236,0.0,2.49047,-0.0,0.0,0.0,0.0,0.0,0.0,0.0,0.0,0.0
14.117,303.4859,264.03129,0.0,49.87416,-32.00604,0.0,0.0,0.0,-0.26055,0.96566,0.0,0.0,0.05678,2958.00965,6367.02179,0.0,2.49053,-0.0,0.0,0.0,0.0,0.0,0.0,0.0,0.0,0.0
14.134,304.31782,263.49797,0.0,49.95634,-31.99216,0.0,0.0,0.0,-0.26009,0.96578,0.0,0.0,0.05706,2958.43808,6383.59748,0.0,2.4906,-0.0,0.0,0.0,0.0,0.0,0.0,0.0,0.0,0.0
14.15,305.15111,262.96488,0.0,50.03853,-31.97782,0.0,0.0,0.0,-0.25963,0.96591,0.0,0.0,0.05734,2958.79679,6400.16904,0.0,2.49066,-0.0,0.0,0.0,0.0,0.0,0.0,0.0,0.0,0.0
14.167,305.98577,262.43204,0.0,50.12073,-31.96302,0.0,0.0,0.0,-0.25917,0.96603,0.0,0.0,0.05761,2959.08565,6416.73609,0.0,2.49072,-0.0,0.0,0.0,0.0,0.0,0.0,0.0,0.0,0.0
14.184,306.8218,261.89945,0.0,50.20293,-31.94777,0.0,0.0,0.0,-0.25871,0.96615,0.0,0.0,0.05789,2959.30453,6433.29825,0.0,2.49078,-0.0,0.0,0.0,0.0,0.0,0.0,0.0,0.0,0.0
14.2,307.6592,261.36712,0.0,50.28514,-31.93205,0.0,0.0,0.0,-0.25824,0.96628,0.0,0.0,0.05816,2959.4533,6449.85511,0.0,2.49084,-0.0,0.0,0.0,0.0,0.0,0.0,0.0,0.0,0.0
14.217,308.49797,260.83506,0.0,50.36735,-31.91587,0.0,0.0,0.0,-0.25777,0.9664,0.0,0.0,0.05843,2959.53183,6466.40629,0.0,2.4909,-0.0,0.0,0.0,0.0,0.0,0.0,0.0,0.0,0.0
14.233,309.33811,260.30326,0.0,50.44956,-31.89923,0.0,0.0,0.0,-0.2573,0.96653,0.0,0.0,0.05871,2959.54,6482.9514,0.0,2.49096,-0.0,0.0,0.0,0.0,0.0,0.0,0.0,0.0,0.0
14.25,310.17962,259.77175,0.0,50.53176,-31.88213,0.0,0.0,0.0,-0.25683,0.96666,0.0,0.0,0.05897,2959.4777,6499.49004,0.0,2.49102,-0.0,0.0,0.0,0.0,0.0,0.0,0.0,0.0,0.0
14.267,311.0225,259.24053,0.0,50.61397,-31.86458,0.0,0.0,0.0,-0.25635,0.96678,0.0,0.0,0.05924,2959.3448,6516.02182,0.0,2.49108,-0.0,0.0,0.0,0.0,0.0,0.0,0.0,0.0,0.0
14.284,311.86675,258.7096,0.0,50.69617,-31.84656,0.0,0.0,0.0,-0.25588,0.96691,0.0,0.0,0.05951,2959.1412,6532.54634,0.0,2.49114,-0.0,0.0,0.0,0.0,0.0,0.0,0.0,0.0,0.0
14.3,312.71238,258.17898,0.0,50.77836,-31.82809,0.0,0.0,0.0,-0.2554,0.96703,0.0,0.0,0.05977,2958.86677,6549.0632,0.0,2.4912,-0.0,0.0,0.0,0.0,0.0,0.0,0.0,0.0,0.0
14.317,313.55937,257.64867,0.0,50.86054,-31.80916,0.0,0.0,0.0,-0.25492,0.96716,0.0,0.0,0.06004,2958.52142,6565.57201,0.0,2.49126,-0.0,0.0,0.0,0.0,0.0,0.0,0.0,0.0,0.0
14.333,314.40773,257.11868,0.0,50.94271,-31.78976,0.0,0.0,0.0,-0.25443,0.96729,0.0,0.0,0.0603,2958.10503,6582.07237,0.0,2.49132,-0.0,0.0,0.0,0.0,0.0,0.0,0.0,0.0,0.0
14.35,315.25746,256.58902,0.0,51.02486,-31.76992,0.0,0.0,0.0,-0.25395,0.96742,0.0,0.0,0.06056,2957.61751,6598.56387,0.0,2.49138,-0.0,0.0,0.0,0.0,0.0,0.0,0.0,0.0,0.0
14.367,316.10855,256.05969,0.0,51.107,-31.74961,0.0,0.0,0.0,-0.25346,0.96755,0.0,0.0,0.06082,2957.05874,6615.04612,0.0,2.49144,-0.0,0.0,0.0,0.0,0.0,0.0,0.0,0.0,0.0
14.384,316.96102,255.5307,0.0,51.18913,-31.72884,0.0,0.0,0.0,-0.25297,0.96767,0.0,0.0,0.06108,2956.42865,6631.51871,0.0,2.49151,-0.0,0.0,0.0,0.0,0.0,0.0,0.0,0.0,0.0
14.4,317.81486,255.00206,0.0,51.27123,-31.70762,0.0,0.0,0.0,-0.25247,0.9678,0.0,0.0,0.06134,2955.72712,6647.98123,0.0,2.49157,-0.0,0.0,0.0,0.0,0.0,0.0,0.0,0.0,0.0
14.417,318.67006,254.47378,0.0,51.35331,-31.68594,0.0,0.0,0.0,-0.25198,0.96793,0.0,0.0,0.06159,2954.95407,6664.43328,0.0,2.49163,-0.0,0.0,0.0,0.0,0.0,0.0,0.0,0.0,0.0
14.433,319.52664,253.94587,0.0,51.43537,-31.66381,0.0,0.0,0.0,-0.25148,0.96806,0.0,0.0,0.06185,2954.10942,6680.87445,0.0,2.49169,-0.0,0.0,0.0,0.0,0.0,0.0,0.0,0.0,0.0
14.45,320.38458,253.41833,0.0,51.5174,-31.64121,0.0,0.0,0.0,-0.25098,0.96819,0.0,0.0,0.0621,2953.19306,6697.30434,0.0,2.49175,-0.0,0.0,0.0,0.0,0.0,0.0,0.0,0.0,0.0
14.467,321.24388,252.89117,0.0,51.59941,-31.61817,0.0,0.0,0.0,-0.25048,0.96832,0.0,0.0,0.06235,2952.20493,6713.72254,0.0,2.49181,-0.0,0.0,0.0,0.0,0.0,0.0,0.0,0.0,0.0
14.483,322.10456,252.36439,0.0,51.68139,-31.59466,0.0,0.0,0.0,-0.24998,0.96845,0.0,0.0,0.0626,2951.14493,6730.12864,0.0,2.49187,-0.0,0.0,0.0,0.0,0.0,0.0,0.0,0.0,0.0
14.5,322.9666,251.83801,0.0,51.76333,-31.5707,0.0,0.0,0.0,-0.24948,0.96858,0.0,0.0,0.06285,2950.013,6746.52222,0.0,2.49194,-0.0,0.0,0.0,0.0,0.0,0.0,0.0,0.0,0.0
14.517,323.83,251.31204,0.0,51.84524,-31.54629,0.0,0.0,0.0,-0.24897,0.96871,0.0,0.0,0.0631,2948.80906,6762.90288,0.0,2.492,-0.0,0.0,0.0,0.0,0.0,0.0,0.0,0.0,0.0
14.534,324.69477,250.78647,0.0,51.92712,-31.52142,0.0,0.0,0.0,-0.24846,0.96884,0.0,0.0,0.06335,2947.53303,6779.2702,0.0,2.49206,-0.0,0.0,0.0,0.0,0.0,0.0,0.0,0.0,0.0
14.552,325.5609,250.26133,0.0,52.00896,-31.4961,0.0,0.0,0.0,-0.24795,0.96897,0.0,0.0,0.06359,2946.18485,6795.62377,0.0,2.49212,-0.0,0.0,0.0,0.0,0.0,0.0,0.0,0.0,0.0
14.552,325.5609,250.26133,0.0,52.00896,-31.4961,0.0,0.0,0.0,-0.24795,0.96897,0.0,0.0,0.06359,2946.18485,6795.62377,0.0,2.49212,-0.0,0.0,0.0,0.0,0.0,0.0,0.0,0.0,0.0
14.584,326.4284,249.73661,0.0,52.09076,-31.47032,0.0,0.0,0.0,-0.24743,0.96911,0.0,0.0,0.06383,2944.76445,6811.96317,0.0,2.49219,-0.0,0.0,0.0,0.0,0.0,0.0,0.0,0.0,0.0
14.6,327.29726,249.21232,0.0,52.17251,-31.44409,0.0,0.0,0.0,-0.24692,0.96924,0.0,0.0,0.06408,2943.27177,6828.288,0.0,2.49225,-0.0,0.0,0.0,0.0,0.0,0.0,0.0,0.0,0.0
14.617,328.16748,248.68848,0.0,52.25423,-31.41741,0.0,0.0,0.0,-0.2464,0.96937,0.0,0.0,0.06432,2941.70675,6844.59782,0.0,2.49231,-0.0,0.0,0.0,0.0,0.0,0.0,0.0,0.0,0.0
14.634,329.03907,248.16508,0.0,52.3359,-31.39027,0.0,0.0,0.0,-0.24588,0.9695,0.0,0.0,0.06456,2940.06933,6860.89224,0.0,2.49237,-0.0,0.0,0.0,0.0,0.0,0.0,0.0,0.0,0.0
14.65,329.91201,247.64214,0.0,52.41752,-31.36268,0.0,0.0,0.0,-0.24536,0.96963,0.0,0.0,0.06479,2938.35946,6877.17081,0.0,2.49244,-0.0,0.0,0.0,0.0,0.0,0.0,0.0,0.0,0.0
14.667,330.78632,247.11966,0.0,52.49909,-31.33464,0.0,0.0,0.0,-0.24484,0.96977,0.0,0.0,0.06503,2936.57708,6893.43314,0.0,2.4925,-0.0,0.0,0.0,0.0,0.0,0.0,0.0,0.0,0.0
14.684,331.66198,246.59765,0.0,52.58061,-31.30615,0.0,0.0,0.0,-0.24431,0.9699,0.0,0.0,0.06527,2934.72215,6909.6788,0.0,2.49256,-0.0,0.0,0.0,0.0,0.0,0.0,0.0,0.0,0.0
14.7,332.53901,246.07612,0.0,52.66208,-31.27721,0.0,0.0,0.0,-0.24378,0.97003,0.0,0.0,0.0655,2932.79463,6925.90737,0.0,2.49263,-0.0,0.0,0.0,0.0,0.0,0.0,0.0,0.0,0.0
14.717,333.41739,245.55508,0.0,52.74349,-31.24782,0.0,0.0,0.0,-0.24325,0.97016,0.0,0.0,0.06573,2930.79447,6942.11842,0.0,2.49269,-0.0,0.0,0.0,0.0,0.0,0.0,0.0,0.0,0.0
14.734,334.29712,245.03453,0.0,52.82484,-31.21797,0.0,0.0,0.0,-0.24272,0.9703,0.0,0.0,0.06597,2928.72163,6958.31154,0.0,2.49276,-0.0,0.0,0.0,0.0,0.0,0.0,0.0,0.0,0.0
14.75,335.17821,244.51449,0.0,52.90613,-31.18768,0.0,0.0,0.0,-0.24219,0.97043,0.0,0.0,0.0662,2926.57607,6974.48631,0.0,2.49282,-0.0,0.0,0.0,0.0,0.0,0.0,0.0,0.0,0.0
14.767,336.06066,243.99495,0.0,52.98737,-31.15694,0.0,0.0,0.0,-0.24165,0.97056,0.0,0.0,0.06642,2924.35777,6990.6423,0.0,2.49288,-0.0,0.0,0.0,0.0,0.0,0.0,0.0,0.0,0.0
14.784,336.94446,243.47593,0.0,53.06853,-31.12575,0.0,0.0,0.0,-0.24112,0.9707,0.0,0.0,0.06665,2922.0667,7006.77908,0.0,2.49295,-0.0,0.0,0.0,0.0,0.0,0.0,0.0,0.0,0.0
14.8,337.82961,242.95743,0.0,53.14964,-31.09412,0.0,0.0,0.0,-0.24058,0.97083,0.0,0.0,0.06688,2919.70282,7022.89623,0.0,2.49301,-0.0,0.0,0.0,0.0,0.0,0.0,0.0,0.0,0.0
14.817,338.71611,242.43946,0.0,53.23067,-31.06203,0.0,0.0,0.0,-0.24004,0.97097,0.0,0.0,0.0671,2917.26612,7038.99334,0.0,2.49308,-0.0,0.0,0.0,0.0,0.0,0.0,0.0,0.0,0.0
14.834,339.60396,241.92203,0.0,53.31164,-31.0295,0.0,0.0,0.0,-0.23949,0.9711,0.0,0.0,0.06733,2914.75656,7055.06996,0.0,2.49315,-0.0,0.0,0.0,0.0,0.0,0.0,0.0,0.0,0.0
14.85,340.49317,241.40515,0.0,53.39253,-30.99653,0.0,0.0,0.0,-0.23895,0.97123,0.0,0.0,0.06755,2912.17415,7071.12569,0.0,2.49321,-0.0,0.0,0.0,0.0,0.0,0.0,0.0,0.0,0.0
14.867,341.38372,240.88882,0.0,53.47335,-30.96311,0.0,0.0,0.0,-0.2384,0.97137,0.0,0.0,0.06777,2909.51886,7087.16008,0.0,2.49328,-0.0,0.0,0.0,0.0,0.0,0.0,0.0,0.0,0.0
14.883,342.27561,240.37305,0.0,53.5541,-30.92924,0.0,0.0,0.0,-0.23786,0.9715,0.0,0.0,0.06799,2906.79067,7103.17271,0.0,2.49334,-0.0,0.0,0.0,0.0,0.0,0.0,0.0,0.0,0.0
14.9,343.16885,239.85785,0.0,53.63476,-30.89493,0.0,0.0,0.0,-0.2373,0.97164,0.0,0.0,0.06821,2903.98959,7119.16316,0.0,2.49341,-0.0,0.0,0.0,0.0,0.0,0.0,0.0,0.0,0.0
14.917,344.06344,239.34322,0.0,53.71535,-30.86018,0.0,0.0,0.0,-0.23675,0.97177,0.0,0.0,0.06843,2901.11561,7135.131,0.0,2.49348,-0.0,0.0,0.0,0.0,0.0,0.0,0.0,0.0,0.0
14.934,344.95936,238.82918,0.0,53.79585,-30.82498,0.0,0.0,0.0,-0.2362,0.97191,0.0,0.0,0.06864,2898.16872,7151.07579,0.0,2.49354,-0.0,0.0,0.0,0.0,0.0,0.0,0.0,0.0,0.0
14.95,345.85663,238.31572,0.0,53.87627,-30.78934,0.0,0.0,0.0,-0.23564,0.97204,0.0,0.0,0.06886,2895.14893,7166.99712,0.0,2.49361,-0.0,0.0,0.0,0.0,0.0,0.0,0.0,0.0,0.0
14.967,346.75524,237.80287,0.0,53.95661,-30.75326,0.0,0.0,0.0,-0.23508,0.97218,0.0,0.0,0.06907,2892.05624,7182.89455,0.0,2.49368,-0.0,0.0,0.0,0.0,0.0,0.0,0.0,0.0,0.0
14.983,347.65518,237.29062,0.0,54.03686,-30.71674,0.0,0.0,0.0,-0.23453,0.97231,0.0,0.0,0.06928,2888.89066,7198.76764,0.0,2.49375,-0.0,0.0,0.0,0.0,0.0,0.0,0.0,0.0,0.0
15.0,348.55646,236.77898,0.0,54.11701,-30.67978,0.0,0.0,0.0,-0.23396,0.97245,0.0,0.0,0.06949,2885.6522,7214.61598,0.0,2.49382,-0.0,0.0,0.0,0.0,0.0,0.0,0.0,0.0,0.0
15.017,349.45908,236.26796,0.0,54.19708,-30.64237,0.0,0.0,0.0,-0.2334,0.97258,0.0,0.0,0.0697,2882.34087,7230.43914,0.0,2.49388,-0.0,0.0,0.0,0.0,0.0,0.0,0.0,0.0,0.0
15.033,350.36303,235.75757,0.0,54.27705,-30.60453,0.0,0.0,0.0,-0.23284,0.97272,0.0,0.0,0.06991,2878.9567,7246.23667,0.0,2.49395,-0.0,0.0,0.0,0.0,0.0,0.0,0.0,0.0,0.0
15.05,351.26832,235.24782,0.0,54.35692,-30.56626,0.0,0.0,0.0,-0.23227,0.97286,0.0,0.0,0.07012,2875.4997,7262.00816,0.0,2.49402,-0.0,0.0,0.0,0.0,0.0,0.0,0.0,0.0,0.0
15.067,352.17493,234.7387,0.0,54.4367,-30.52754,0.0,0.0,0.0,-0.2317,0.97299,0.0,0.0,0.07033,2871.96989,7277.75316,0.0,2.49409,-0.0,0.0,0.0,0.0,0.0,0.0,0.0,0.0,0.0
15.084,353.08287,234.23024,0.0,54.51638,-30.48839,0.0,0.0,0.0,-0.23113,0.97313,0.0,0.0,0.07053,2868.3673,7293.47126,0.0,2.49416,-0.0,0.0,0.0,0.0,0.0,0.0,0.0,0.0,0.0
15.1,353.99214,233.72243,0.0,54.59595,-30.4488,0.0,0.0,0.0,-0.23056,0.97326,0.0,0.0,0.07073,2864.69197,7309.16201,0.0,2.49423,-0.0,0.0,0.0,0.0,0.0,0.0,0.0,0.0,0.0
15.117,354.90274,233.21528,0.0,54.67542,-30.40878,0.0,0.0,0.0,-0.22999,0.9734,0.0,0.0,0.07094,2860.94392,7324.82499,0.0,2.4943,-0.0,0.0,0.0,0.0,0.0,0.0,0.0,0.0,0.0
15.134,355.81465,232.7088,0.0,54.75479,-30.36832,0.0,0.0,0.0,-0.22941,0.97353,0.0,0.0,0.07114,2857.1232,7340.45977,0.0,2.49437,-0.0,0.0,0.0,0.0,0.0,0.0,0.0,0.0,0.0
15.15,356.7279,232.20301,0.0,54.83404,-30.32743,0.0,0.0,0.0,-0.22883,0.97367,0.0,0.0,0.07134,2853.22983,7356.06591,0.0,2.49444,-0.0,0.0,0.0,0.0,0.0,0.0,0.0,0.0,0.0
15.167,357.64246,231.69789,0.0,54.91319,-30.2861,0.0,0.0,0.0,-0.22825,0.97381,0.0,0.0,0.07154,2849.26388,7371.64298,0.0,2.49451,-0.0,0.0,0.0,0.0,0.0,0.0,0.0,0.0,0.0
15.183,358.55833,231.19347,0.0,54.99222,-30.24435,0.0,0.0,0.0,-0.22767,0.97394,0.0,0.0,0.07173,2845.22537,7387.19056,0.0,2.49459,-0.0,0.0,0.0,0.0,0.0,0.0,0.0,0.0,0.0
15.2,359.47553,230.68975,0.0,55.07114,-30.20216,0.0,0.0,0.0,-0.22709,0.97408,0.0,0.0,0.07193,2841.11436,7402.7082,0.0,2.49466,-0.0,0.0,0.0,0.0,0.0,0.0,0.0,0.0,0.0
15.217,360.39404,230.18674,0.0,55.14995,-30.15954,0.0,0.0,0.0,-0.22651,0.97421,0.0,0.0,0.07212,2836.93091,7418.19549,0.0,2.49473,-0.0,0.0,0.0,0.0,0.0,0.0,0.0,0.0,0.0
15.233,361.31386,229.68444,0.0,55.22863,-30.1165,0.0,0.0,0.0,-0.22592,0.97435,0.0,0.0,0.07232,2832.67506,7433.65198,0.0,2.4948,-0.0,0.0,0.0,0.0,0.0,0.0,0.0,0.0,0.0
15.25,362.23499,229.18286,0.0,55.3072,-30.07302,0.0,0.0,0.0,-0.22534,0.97449,0.0,0.0,0.07251,2828.34688,7449.07725,0.0,2.49488,-0.0,0.0,0.0,0.0,0.0,0.0,0.0,0.0,0.0
15.267,363.15743,228.68201,0.0,55.38564,-30.02912,0.0,0.0,0.0,-0.22475,0.97462,0.0,0.0,0.0727,2823.94644,7464.47086,0.0,2.49495,-0.0,0.0,0.0,0.0,0.0,0.0,0.0,0.0,0.0
15.283,364.08118,228.18189,0.0,55.46396,-29.98479,0.0,0.0,0.0,-0.22416,0.97476,0.0,0.0,0.07289,2819.47378,7479.83239,0.0,2.49502,-0.0,0.0,0.0,0.0,0.0,0.0,0.0,0.0,0.0
15.3,365.00623,227.68252,0.0,55.54215,-29.94004,0.0,0.0,0.0,-0.22357,0.9749,0.0,0.0,0.07308,2814.929,7495.1614,0.0,2.4951,-0.0,0.0,0.0,0.0,0.0,0.0,0.0,0.0,0.0
15.317,365.93258,227.18389,0.0,55.62022,-29.89486,0.0,0.0,0.0,-0.22297,0.97503,0.0,0.0,0.07327,2810.31215,7510.45746,0.0,2.49517,-0.0,0.0,0.0,0.0,0.0,0.0,0.0,0.0,0.0
15.334,366.86024,226.68602,0.0,55.69815,-29.84925,0.0,0.0,0.0,-0.22238,0.97517,0.0,0.0,0.07345,2805.62331,7525.72015,0.0,2.49525,-0.0,0.0,0.0,0.0,0.0,0.0,0.0,0.0,0.0
15.35,367.78919,226.18892,0.0,55.77595,-29.80323,0.0,0.0,0.0,-0.22178,0.9753,0.0,0.0,0.07364,2800.86256,7540.94902,0.0,2.49532,-0.0,0.0,0.0,0.0,0.0,0.0,0.0,0.0,0.0
15.367,368.71943,225.69259,0.0,55.85362,-29.75678,0.0,0.0,0.0,-0.22118,0.97544,0.0,0.0,0.07382,2796.02999,7556.14366,0.0,2.4954,-0.0,0.0,0.0,0.0,0.0,0.0,0.0,0.0,0.0
15.384,369.65097,225.19703,0.0,55.93115,-29.70991,0.0,0.0,0.0,-0.22058,0.97558,0.0,0.0,0.074,2791.12568,7571.30362,0.0,2.49547,-0.0,0.0,0.0,0.0,0.0,0.0,0.0,0.0,0.0
15.4,370.5838,224.70226,0.0,56.00854,-29.66262,0.0,0.0,0.0,-0.21998,0.97571,0.0,0.0,0.07418,2786.14971,7586.42849,0.0,2.49555,-0.0,0.0,0.0,0.0,0.0,0.0,0.0,0.0,0.0
15.417,371.51792,224.20828,0.0,56.0858,-29.61491,0.0,0.0,0.0,-0.21938,0.97585,0.0,0.0,0.07436,2781.10218,7601.51783,0.0,2.49563,-0.0,0.0,0.0,0.0,0.0,0.0,0.0,0.0,0.0
15.433,372.45333,223.7151,0.0,56.16291,-29.56678,0.0,0.0,0.0,-0.21877,0.97598,0.0,0.0,0.07454,2775.98318,7616.57122,0.0,2.4957,-0.0,0.0,0.0,0.0,0.0,0.0,0.0,0.0,0.0
15.45,373.39002,223.22272,0.0,56.23987,-29.51824,0.0,0.0,0.0,-0.21817,0.97612,0.0,0.0,0.07472,2770.79281,7631.58822,0.0,2.49578,-0.0,0.0,0.0,0.0,0.0,0.0,0.0,0.0,0.0
15.467,374.32799,222.73116,0.0,56.3167,-29.46928,0.0,0.0,0.0,-0.21756,0.97626,0.0,0.0,0.0749,2765.53118,7646.5684,0.0,2.49586,-0.0,0.0,0.0,0.0,0.0,0.0,0.0,0.0,0.0
15.484,375.26724,222.24042,0.0,56.39337,-29.4199,0.0,0.0,0.0,-0.21695,0.97639,0.0,0.0,0.07507,2760.19838,7661.51135,0.0,2.49594,-0.0,0.0,0.0,0.0,0.0,0.0,0.0,0.0,0.0
15.5,376.20777,221.7505,0.0,56.46989,-29.37011,0.0,0.0,0.0,-0.21634,0.97653,0.0,0.0,0.07525,2754.79453,7676.41663,0.0,2.49601,-0.0,0.0,0.0,0.0,0.0,0.0,0.0,0.0,0.0
15.517,377.14957,221.26142,0.0,56.54626,-29.31991,0.0,0.0,0.0,-0.21573,0.97666,0.0,0.0,0.07542,2749.31973,7691.28381,0.0,2.49609,-0.0,0.0,0.0,0.0,0.0,0.0,0.0,0.0,0.0
15.533,378.09264,220.77318,0.0,56.62248,-29.2693,0.0,0.0,0.0,-0.21511,0.9768,0.0,0.0,0.07559,2743.77411,7706.11248,0.0,2.49617,-0.0,0.0,0.0,0.0,0.0,0.0,0.0,0.0,0.0
15.55,379.03698,220.28578,0.0,56.69854,-29.21827,0.0,0.0,0.0,-0.2145,0.97693,0.0,0.0,0.07576,2738.15777,7720.9022,0.0,2.49625,-0.0,0.0,0.0,0.0,0.0,0.0,0.0,0.0,0.0
15.567,379.98259,219.79924,0.0,56.77444,-29.16684,0.0,0.0,0.0,-0.21388,0.97707,0.0,0.0,0.07593,2732.47085,7735.65255,0.0,2.49633,-0.0,0.0,0.0,0.0,0.0,0.0,0.0,0.0,0.0
15.584,380.92946,219.31355,0.0,56.85018,-29.11499,0.0,0.0,0.0,-0.21326,0.9772,0.0,0.0,0.0761,2726.71346,7750.3631,0.0,2.49641,-0.0,0.0,0.0,0.0,0.0,0.0,0.0,0.0,0.0
15.6,381.8776,218.82874,0.0,56.92576,-29.06274,0.0,0.0,0.0,-0.21264,0.97734,0.0,0.0,0.07627,2720.88573,7765.03343,0.0,2.4965,-0.0,0.0,0.0,0.0,0.0,0.0,0.0,0.0,0.0
15.617,382.82699,218.3448,0.0,57.00118,-29.01008,0.0,0.0,0.0,-0.21202,0.97747,0.0,0.0,0.07643,2714.98779,7779.66312,0.0,2.49658,-0.0,0.0,0.0,0.0,0.0,0.0,0.0,0.0,0.0
15.634,383.77763,217.86174,0.0,57.07643,-28.95702,0.0,0.0,0.0,-0.2114,0.97761,0.0,0.0,0.0766,2709.01978,7794.25175,0.0,2.49666,-0.0,0.0,0.0,0.0,0.0,0.0,0.0,0.0,0.0
15.65,384.72953,217.37957,0.0,57.15151,-28.90355,0.0,0.0,0.0,-0.21078,0.97774,0.0,0.0,0.07676,2702.98183,7808.79888,0.0,2.49674,-0.0,0.0,0.0,0.0,0.0,0.0,0.0,0.0,0.0
15.667,385.68268,216.89829,0.0,57.22642,-28.84968,0.0,0.0,0.0,-0.21015,0.97788,0.0,0.0,0.07692,2696.87408,7823.30411,0.0,2.49682,-0.0,0.0,0.0,0.0,0.0,0.0,0.0,0.0,0.0
15.683,386.63708,216.41792,0.0,57.30116,-28.79541,0.0,0.0,0.0,-0.20952,0.97801,0.0,0.0,0.07708,2690.69669,7837.76701,0.0,2.49691,-0.0,0.0,0.0,0.0,0.0,0.0,0.0,0.0,0.0
15.7,387.59272,215.93845,0.0,57.37573,-28.74074,0.0,0.0,0.0,-0.2089,0.97815,0.0,0.0,0.07724,2684.44978,7852.18717,0.0,2.49699,-0.0,0.0,0.0,0.0,0.0,0.0,0.0,0.0,0.0
15.717,388.5496,215.4599,0.0,57.45012,-28.68567,0.0,0.0,0.0,-0.20827,0.97828,0.0,0.0,0.0774,2678.13352,7866.56415,0.0,2.49707,-0.0,0.0,0.0,0.0,0.0,0.0,0.0,0.0,0.0
15.733,389.50772,214.98226,0.0,57.52434,-28.6302,0.0,0.0,0.0,-0.20763,0.97842,0.0,0.0,0.07756,2671.74806,7880.89755,0.0,2.49716,-0.0,0.0,0.0,0.0,0.0,0.0,0.0,0.0,0.0
15.75,390.46708,214.50556,0.0,57.59838,-28.57433,0.0,0.0,0.0,-0.207,0.97855,0.0,0.0,0.07772,2665.29355,7895.18695,0.0,2.49724,-0.0,0.0,0.0,0.0,0.0,0.0,0.0,0.0,0.0
15.767,391.42767,214.02979,0.0,57.67223,-28.51807,0.0,0.0,0.0,-0.20637,0.97869,0.0,0.0,0.07787,2658.77016,7909.43193,0.0,2.49733,-0.0,0.0,0.0,0.0,0.0,0.0,0.0,0.0,0.0
15.783,392.38949,213.55496,0.0,57.7459,-28.46141,0.0,0.0,0.0,-0.20573,0.97882,0.0,0.0,0.07803,2652.17804,7923.63207,0.0,2.49742,-0.0,0.0,0.0,0.0,0.0,0.0,0.0,0.0,0.0
15.8,393.35253,213.08108,0.0,57.81939,-28.40436,0.0,0.0,0.0,-0.2051,0.97895,0.0,0.0,0.07818,2645.51736,7937.78697,0.0,2.4975,-0.0,0.0,0.0,0.0,0.0,0.0,0.0,0.0,0.0
15.817,394.3168,212.60815,0.0,57.89269,-28.34692,0.0,0.0,0.0,-0.20446,0.97909,0.0,0.0,0.07833,2638.7883,7951.8962,0.0,2.49759,-0.0,0.0,0.0,0.0,0.0,0.0,0.0,0.0,0.0
15.834,395.28228,212.13618,0.0,57.9658,-28.28909,0.0,0.0,0.0,-0.20382,0.97922,0.0,0.0,0.07848,2631.99102,7965.95936,0.0,2.49768,-0.0,0.0,0.0,0.0,0.0,0.0,0.0,0.0,0.0
15.85,396.24899,211.66518,0.0,58.03872,-28.23087,0.0,0.0,0.0,-0.20318,0.97935,0.0,0.0,0.07863,2625.12571,7979.97603,0.0,2.49776,-0.0,0.0,0.0,0.0,0.0,0.0,0.0,0.0,0.0
15.867,397.21691,211.19516,0.0,58.11145,-28.17226,0.0,0.0,0.0,-0.20254,0.97949,0.0,0.0,0.07878,2618.19253,7993.94581,0.0,2.49785,-0.0,0.0,0.0,0.0,0.0,0.0,0.0,0.0,0.0
15.884,398.18603,210.72611,0.0,58.18398,-28.11326,0.0,0.0,0.0,-0.2019,0.97962,0.0,0.0,0.07893,2611.19167,8007.86828,0.0,2.49794,-0.0,0.0,0.0,0.0,0.0,0.0,0.0,0.0,0.0
15.9,399.15637,210.25805,0.0,58.25632,-28.05388,0.0,0.0,0.0,-0.20125,0.97975,0.0,0.0,0.07907,2604.12332,8021.74303,0.0,2.49803,-0.0,0.0,0.0,0.0,0.0,0.0,0.0,0.0,0.0
15.917,400.12791,209.79099,0.0,58.32846,-27.99411,0.0,0.0,0.0,-0.20061,0.97988,0.0,0.0,0.07922,2596.98766,8035.56966,0.0,2.49812,-0.0,0.0,0.0,0.0,0.0,0.0,0.0,0.0,0.0
15.934,401.10065,209.32492,0.0,58.40039,-27.93396,0.0,0.0,0.0,-0.19996,0.98002,0.0,0.0,0.07936,2589.7849,8049.34776,0.0,2.49821,-0.0,0.0,0.0,0.0,0.0,0.0,0.0,0.0,0.0
15.95,402.07459,208.85986,0.0,58.47213,-27.87343,0.0,0.0,0.0,-0.19931,0.98015,0.0,0.0,0.07951,2582.51521,8063.07693,0.0,2.4983,-0.0,0.0,0.0,0.0,0.0,0.0,0.0,0.0,0.0
15.967,403.04972,208.39581,0.0,58.54366,-27.81252,0.0,0.0,0.0,-0.19866,0.98028,0.0,0.0,0.07965,2575.1788,8076.75676,0.0,2.49839,-0.0,0.0,0.0,0.0,0.0,0.0,0.0,0.0,0.0
15.984,404.02604,207.93278,0.0,58.61499,-27.75123,0.0,0.0,0.0,-0.19801,0.98041,0.0,0.0,0.07979,2567.77587,8090.38685,0.0,2.49848,-0.0,0.0,0.0,0.0,0.0,0.0,0.0,0.0,0.0
16.0,405.00355,207.47077,0.0,58.68611,-27.68957,0.0,0.0,0.0,-0.19736,0.98055,0.0,0.0,0.07993,2560.30662,8103.9668,0.0,2.49857,-0.0,0.0,0.0,0.0,0.0,0.0,0.0,0.0,0.0
16.017,405.98224,207.00979,0.0,58.75702,-27.62753,0.0,0.0,0.0,-0.19671,0.98068,0.0,0.0,0.08006,2552.77127,8117.4962,0.0,2.49866,-0.0,0.0,0.0,0.0,0.0,0.0,0.0,0.0,0.0
16.034,406.96212,206.54986,0.0,58.82772,-27.56511,0.0,0.0,0.0,-0.19605,0.98081,0.0,0.0,0.0802,2545.17001,8130.97466,0.0,2.49876,-0.0,0.0,0.0,0.0,0.0,0.0,0.0,0.0,0.0
16.05,407.94317,206.09096,0.0,58.89821,-27.50232,0.0,0.0,0.0,-0.1954,0.98094,0.0,0.0,0.08034,2537.50307,8144.40179,0.0,2.49885,-0.0,0.0,0.0,0.0,0.0,0.0,0.0,0.0,0.0
16.067,408.92539,205.63311,0.0,58.96848,-27.43916,0.0,0.0,0.0,-0.19474,0.98107,0.0,0.0,0.08047,2529.77066,8157.77718,0.0,2.49894,-0.0,0.0,0.0,0.0,0.0,0.0,0.0,0.0,0.0
16.083,409.90878,205.17632,0.0,59.03853,-27.37563,0.0,0.0,0.0,-0.19408,0.9812,0.0,0.0,0.08061,2521.973,8171.10044,0.0,2.49904,-0.0,0.0,0.0,0.0,0.0,0.0,0.0,0.0,0.0
16.1,410.89334,204.7206,0.0,59.10837,-27.31173,0.0,0.0,0.0,-0.19342,0.98133,0.0,0.0,0.08074,2514.11032,8184.37117,0.0,2.49913,-0.0,0.0,0.0,0.0,0.0,0.0,0.0,0.0,0.0
16.117,411.87906,204.26594,0.0,59.17798,-27.24746,0.0,0.0,0.0,-0.19276,0.98146,0.0,0.0,0.08087,2506.18283,8197.58899,0.0,2.49923,-0.0,0.0,0.0,0.0,0.0,0.0,0.0,0.0,0.0
16.133,412.86594,203.81235,0.0,59.24738,-27.18283,0.0,0.0,0.0,-0.1921,0.98159,0.0,0.0,0.081,2498.19077,8210.75351,0.0,2.49932,-0.0,0.0,0.0,0.0,0.0,0.0,0.0,0.0,0.0
16.15,413.85397,203.35984,0.0,59.31655,-27.11783,0.0,0.0,0.0,-0.19144,0.98172,0.0,0.0,0.08113,2490.13437,8223.86432,0.0,2.49942,-0.0,0.0,0.0,0.0,0.0,0.0,0.0,0.0,0.0
16.167,414.84315,202.90843,0.0,59.38549,-27.05248,0.0,0.0,0.0,-0.19078,0.98185,0.0,0.0,0.08126,2482.01386,8236.92106,0.0,2.49952,-0.0,0.0,0.0,0.0,0.0,0.0,0.0,0.0,0.0
16.183,415.83348,202.4581,0.0,59.45421,-26.98675,0.0,0.0,0.0,-0.19011,0.98198,0.0,0.0,0.08138,2473.82948,8249.92332,0.0,2.49962,-0.0,0.0,0.0,0.0,0.0,0.0,0.0,0.0,0.0
16.2,416.82496,202.00887,0.0,59.5227,-26.92067,0.0,0.0,0.0,-0.18945,0.98211,0.0,0.0,0.08151,2465.58148,8262.87073,0.0,2.49971,-0.0,0.0,0.0,0.0,0.0,0.0,0.0,0.0,0.0
16.217,417.81757,201.56075,0.0,59.59096,-26.85424,0.0,0.0,0.0,-0.18878,0.98224,0.0,0.0,0.08163,2457.27009,8275.7629,0.0,2.49981,-0.0,0.0,0.0,0.0,0.0,0.0,0.0,0.0,0.0
16.234,418.81132,201.11373,0.0,59.65898,-26.78744,0.0,0.0,0.0,-0.18811,0.98236,0.0,0.0,0.08176,2448.89556,8288.59945,0.0,2.49991,-0.0,0.0,0.0,0.0,0.0,0.0,0.0,0.0,0.0
16.25,419.8062,200.66783,0.0,59.72677,-26.72029,0.0,0.0,0.0,-0.18744,0.98249,0.0,0.0,0.08188,2440.45814,8301.38,0.0,2.50001,-0.0,0.0,0.0,0.0,0.0,0.0,0.0,0.0,0.0
16.267,420.80221,200.22306,0.0,59.79433,-26.65279,0.0,0.0,0.0,-0.18677,0.98262,0.0,0.0,0.082,2431.95809,8314.10417,0.0,2.50011,-0.0,0.0,0.0,0.0,0.0,0.0,0.0,0.0,0.0
16.284,421.79934,199.77941,0.0,59.86164,-26.58493,0.0,0.0,0.0,-0.1861,0.98275,0.0,0.0,0.08212,2423.39566,8326.77159,0.0,2.50021,-0.0,0.0,0.0,0.0,0.0,0.0,0.0,0.0,0.0
16.3,422.7976,199.3369,0.0,59.92872,-26.51673,0.0,0.0,0.0,-0.18543,0.98288,0.0,0.0,0.08224,2414.77111,8339.38187,0.0,2.50031,-0.0,0.0,0.0,0.0,0.0,0.0,0.0,0.0,0.0
16.317,423.79697,198.89552,0.0,59.99556,-26.44817,0.0,0.0,0.0,-0.18475,0.983,0.0,0.0,0.08236,2406.0847,8351.93466,0.0,2.50041,-0.0,0.0,0.0,0.0,0.0,0.0,0.0,0.0,0.0
16.333,424.79745,198.45529,0.0,60.06215,-26.37927,0.0,0.0,0.0,-0.18408,0.98313,0.0,0.0,0.08248,2397.33669,8364.42956,0.0,2.50051,-0.0,0.0,0.0,0.0,0.0,0.0,0.0,0.0,0.0
16.35,425.79904,198.01622,0.0,60.1285,-26.31003,0.0,0.0,0.0,-0.1834,0.98326,0.0,0.0,0.08259,2388.52736,8376.86623,0.0,2.50062,-0.0,0.0,0.0,0.0,0.0,0.0,0.0,0.0,0.0
16.367,426.80173,197.5783,0.0,60.1946,-26.24044,0.0,0.0,0.0,-0.18273,0.98338,0.0,0.0,0.08271,2379.65696,8389.24428,0.0,2.50072,-0.0,0.0,0.0,0.0,0.0,0.0,0.0,0.0,0.0
16.383,427.80552,197.14154,0.0,60.26045,-26.1705,0.0,0.0,0.0,-0.18205,0.98351,0.0,0.0,0.08282,2370.72578,8401.56335,0.0,2.50082,-0.0,0.0,0.0,0.0,0.0,0.0,0.0,0.0,0.0
16.4,428.81041,196.70595,0.0,60.32606,-26.10023,0.0,0.0,0.0,-0.18137,0.98363,0.0,0.0,0.08293,2361.73409,8413.82307,0.0,2.50093,-0.0,0.0,0.0,0.0,0.0,0.0,0.0,0.0,0.0
16.417,429.81639,196.27153,0.0,60.39141,-26.02962,0.0,0.0,0.0,-0.18069,0.98376,0.0,0.0,0.08304,2352.68217,8426.02309,0.0,2.50103,-0.0,0.0,0.0,0.0,0.0,0.0,0.0,0.0,0.0
16.433,430.82345,195.8383,0.0,60.45651,-25.95867,0.0,0.0,0.0,-0.18001,0.98388,0.0,0.0,0.08315,2343.5703,8438.16304,0.0,2.50114,-0.0,0.0,0.0,0.0,0.0,0.0,0.0,0.0,0.0
16.45,431.8316,195.40625,0.0,60.52135,-25.88738,0.0,0.0,0.0,-0.17933,0.98401,0.0,0.0,0.08326,2334.39877,8450.24256,0.0,2.50124,-0.0,0.0,0.0,0.0,0.0,0.0,0.0,0.0,0.0
16.467,432.84083,194.97539,0.0,60.58594,-25.81577,0.0,0.0,0.0,-0.17865,0.98413,0.0,0.0,0.08337,2325.16786,8462.26131,0.0,2.50135,-0.0,0.0,0.0,0.0,0.0,0.0,0.0,0.0,0.0
16.483,433.85113,194.54572,0.0,60.65027,-25.74382,0.0,0.0,0.0,-0.17796,0.98426,0.0,0.0,0.08348,2315.87786,8474.21891,0.0,2.50146,-0.0,0.0,0.0,0.0,0.0,0.0,0.0,0.0,0.0
16.5,434.8625,194.11726,0.0,60.71434,-25.67153,0.0,0.0,0.0,-0.17728,0.98438,0.0,0.0,0.08358,2306.52906,8486.11502,0.0,2.50156,-0.0,0.0,0.0,0.0,0.0,0.0,0.0,0.0,0.0
16.517,435.87494,193.69001,0.0,60.77815,-25.59892,0.0,0.0,0.0,-0.17659,0.9845,0.0,0.0,0.08369,2297.12176,8497.94928,0.0,2.50167,-0.0,0.0,0.0,0.0,0.0,0.0,0.0,0.0,0.0
16.534,436.88844,193.26397,0.0,60.84169,-25.52599,0.0,0.0,0.0,-0.17591,0.98463,0.0,0.0,0.08379,2287.65627,8509.72136,0.0,2.50178,-0.0,0.0,0.0,0.0,0.0,0.0,0.0,0.0,0.0
16.55,437.90299,192.83915,0.0,60.90498,-25.45273,0.0,0.0,0.0,-0.17522,0.98475,0.0,0.0,0.0839,2278.13287,8521.43089,0.0,2.50189,-0.0,0.0,0.0,0.0,0.0,0.0,0.0,0.0,0.0
16.567,438.9186,192.41555,0.0,60.96799,-25.37914,0.0,0.0,0.0,-0.17453,0.98487,0.0,0.0,0.084,2268.55187,8533.07755,0.0,2.502,-0.0,0.0,0.0,0.0,0.0,0.0,0.0,0.0,0.0
16.583,439.93526,191.99318,0.0,61.03074,-25.30523,0.0,0.0,0.0,-0.17384,0.98499,0.0,0.0,0.0841,2258.91359,8544.66097,0.0,2.50211,-0.0,0.0,0.0,0.0,0.0,0.0,0.0,0.0,0.0
16.6,440.95296,191.57204,0.0,61.09322,-25.231,0.0,0.0,0.0,-0.17315,0.98512,0.0,0.0,0.0842,2249.21832,8556.18083,0.0,2.50222,-0.0,0.0,0.0,0.0,0.0,0.0,0.0,0.0,0.0
16.617,441.9717,191.15215,0.0,61.15542,-25.15646,0.0,0.0,0.0,-0.17246,0.98524,0.0,0.0,0.0843,2239.46638,8567.63677,0.0,2.50233,-0.0,0.0,0.0,0.0,0.0,0.0,0.0,0.0,0.0
16.633,442.99147,190.7335,0.0,61.21736,-25.0816,0.0,0.0,0.0,-0.17177,0.98536,0.0,0.0,0.08439,2229.65808,8579.02848,0.0,2.50244,-0.0,0.0,0.0,0.0,0.0,0.0,0.0,0.0,0.0
16.65,444.01227,190.3161,0.0,61.27902,-25.00642,0.0,0.0,0.0,-0.17108,0.98548,0.0,0.0,0.08449,2219.79375,8590.35561,0.0,2.50255,-0.0,0.0,0.0,0.0,0.0,0.0,0.0,0.0,0.0
16.667,445.0341,189.89995,0.0,61.34041,-24.93093,0.0,0.0,0.0,-0.17038,0.9856,0.0,0.0,0.08458,2209.87369,8601.61782,0.0,2.50267,-0.0,0.0,0.0,0.0,0.0,0.0,0.0,0.0,0.0
16.683,446.05695,189.48507,0.0,61.40151,-24.85513,0.0,0.0,0.0,-0.16969,0.98572,0.0,0.0,0.08468,2199.89824,8612.8148,0.0,2.50278,-0.0,0.0,0.0,0.0,0.0,0.0,0.0,0.0,0.0
16.7,447.08082,189.07145,0.0,61.46234,-24.77902,0.0,0.0,0.0,-0.16899,0.98584,0.0,0.0,0.08477,2189.86772,8623.94621,0.0,2.50289,-0.0,0.0,0.0,0.0,0.0,0.0,0.0,0.0,0.0
16.717,448.10569,188.6591,0.0,61.52289,-24.7026,0.0,0.0,0.0,-0.1683,0.98596,0.0,0.0,0.08486,2179.78244,8635.01173,0.0,2.50301,-0.0,0.0,0.0,0.0,0.0,0.0,0.0,0.0,0.0
16.733,449.13158,188.24803,0.0,61.58316,-24.62588,0.0,0.0,0.0,-0.1676,0.98608,0.0,0.0,0.08495,2169.64276,8646.01103,0.0,2.50312,-0.0,0.0,0.0,0.0,0.0,0.0,0.0,0.0,0.0
16.75,450.15846,187.83824,0.0,61.64315,-24.54885,0.0,0.0,0.0,-0.1669,0.9862,0.0,0.0,0.08504,2159.44898,8656.94379,0.0,2.50324,-0.0,0.0,0.0,0.0,0.0,0.0,0.0,0.0,0.0
16.767,451.18635,187.42974,0.0,61.70285,-24.47152,0.0,0.0,0.0,-0.1662,0.98632,0.0,0.0,0.08513,2149.20146,8667.80969,0.0,2.50336,-0.0,0.0,0.0,0.0,0.0,0.0,0.0,0.0,0.0
16.783,452.21522,187.02253,0.0,61.76226,-24.3939,0.0,0.0,0.0,-0.1655,0.98643,0.0,0.0,0.08522,2138.90053,8678.60842,0.0,2.50347,-0.0,0.0,0.0,0.0,0.0,0.0,0.0,0.0,0.0
16.8,453.24509,186.61661,0.0,61.82139,-24.31597,0.0,0.0,0.0,-0.1648,0.98655,0.0,0.0,0.08531,2128.54652,8689.33966,0.0,2.50359,-0.0,0.0,0.0,0.0,0.0,0.0,0.0,0.0,0.0
16.817,454.27593,186.212,0.0,61.88022,-24.23775,0.0,0.0,0.0,-0.1641,0.98667,0.0,0.0,0.08539,2118.13979,8700.00311,0.0,2.50371,-0.0,0.0,0.0,0.0,0.0,0.0,0.0,0.0,0.0
16.833,455.30776,185.80869,0.0,61.93877,-24.15923,0.0,0.0,0.0,-0.1634,0.98678,0.0,0.0,0.08548,2107.68067,8710.59845,0.0,2.50383,-0.0,0.0,0.0,0.0,0.0,0.0,0.0,0.0,0.0
16.85,456.34056,185.40669,0.0,61.99702,-24.08042,0.0,0.0,0.0,-0.1627,0.9869,0.0,0.0,0.08556,2097.16951,8721.12537,0.0,2.50395,-0.0,0.0,0.0,0.0,0.0,0.0,0.0,0.0,0.0
16.867,457.37432,185.00601,0.0,62.05499,-24.00132,0.0,0.0,0.0,-0.16199,0.98702,0.0,0.0,0.08564,2086.60666,8731.58357,0.0,2.50407,-0.0,0.0,0.0,0.0,0.0,0.0,0.0,0.0,0.0
16.883,458.40905,184.60665,0.0,62.11265,-23.92193,0.0,0.0,0.0,-0.16129,0.98713,0.0,0.0,0.08572,2075.99247,8741.97275,0.0,2.50419,-0.0,0.0,0.0,0.0,0.0,0.0,0.0,0.0,0.0
16.9,459.44474,184.20862,0.0,62.17002,-23.84226,0.0,0.0,0.0,-0.16058,0.98725,0.0,0.0,0.08581,2065.3273,8752.29261,0.0,2.50431,-0.0,0.0,0.0,0.0,0.0,0.0,0.0,0.0,0.0
16.918,460.48138,183.81191,0.0,62.2271,-23.7623,0.0,0.0,0.0,-0.15988,0.98736,0.0,0.0,0.08588,2054.61151,8762.54286,0.0,2.50443,-0.0,0.0,0.0,0.0,0.0,0.0,0.0,0.0,0.0
16.919,460.48138,183.81191,0.0,62.2271,-23.7623,0.0,0.0,0.0,-0.15988,0.98736,0.0,0.0,0.08588,2054.61151,8762.54286,0.0,2.50443,-0.0,0.0,0.0,0.0,0.0,0.0,0.0,0.0,0.0
16.95,461.51898,183.41654,0.0,62.28387,-23.68206,0.0,0.0,0.0,-0.15917,0.98748,0.0,0.0,0.08596,2043.84544,8772.72319,0.0,2.50455,-0.0,0.0,0.0,0.0,0.0,0.0,0.0,0.0,0.0
16.967,462.55751,183.02251,0.0,62.34034,-23.60153,0.0,0.0,0.0,-0.15846,0.98759,0.0,0.0,0.08604,2033.02947,8782.83331,0.0,2.50468,-0.0,0.0,0.0,0.0,0.0,0.0,0.0,0.0,0.0
16.984,463.59698,182.62983,0.0,62.39651,-23.52073,0.0,0.0,0.0,-0.15776,0.9877,0.0,0.0,0.08612,2022.16396,8792.87295,0.0,2.5048,-0.0,0.0,0.0,0.0,0.0,0.0,0.0,0.0,0.0
17.0,464.63739,182.23849,0.0,62.45238,-23.43965,0.0,0.0,0.0,-0.15705,0.98782,0.0,0.0,0.08619,2011.24926,8802.8418,0.0,2.50492,-0.0,0.0,0.0,0.0,0.0,0.0,0.0,0.0,0.0
17.017,465.67873,181.84851,0.0,62.50794,-23.3583,0.0,0.0,0.0,-0.15634,0.98793,0.0,0.0,0.08626,2000.28576,8812.73959,0.0,2.50505,-0.0,0.0,0.0,0.0,0.0,0.0,0.0,0.0,0.0
17.034,466.72099,181.45988,0.0,62.5632,-23.27667,0.0,0.0,0.0,-0.15563,0.98804,0.0,0.0,0.08634,1989.27381,8822.56603,0.0,2.50517,-0.0,0.0,0.0,0.0,0.0,0.0,0.0,0.0,0.0
17.05,467.76417,181.07262,0.0,62.61815,-23.19477,0.0,0.0,0.0,-0.15492,0.98815,0.0,0.0,0.08641,1978.2138,8832.32085,0.0,2.5053,-0.0,0.0,0.0,0.0,0.0,0.0,0.0,0.0,0.0
17.067,468.80826,180.68673,0.0,62.67279,-23.1126,0.0,0.0,0.0,-0.15421,0.98827,0.0,0.0,0.08648,1967.10609,8842.00376,0.0,2.50543,-0.0,0.0,0.0,0.0,0.0,0.0,0.0,0.0,0.0
17.083,469.85326,180.3022,0.0,62.72713,-23.03017,0.0,0.0,0.0,-0.15349,0.98838,0.0,0.0,0.08655,1955.95106,8851.6145,0.0,2.50555,-0.0,0.0,0.0,0.0,0.0,0.0,0.0,0.0,0.0
17.1,470.89916,179.91906,0.0,62.78115,-22.94747,0.0,0.0,0.0,-0.15278,0.98849,0.0,0.0,0.08662,1944.74909,8861.15279,0.0,2.50568,-0.0,0.0,0.0,0.0,0.0,0.0,0.0,0.0,0.0
17.117,471.94596,179.53729,0.0,62.83486,-22.86451,0.0,0.0,0.0,-0.15207,0.9886,0.0,0.0,0.08669,1933.50057,8870.61837,0.0,2.50581,-0.0,0.0,0.0,0.0,0.0,0.0,0.0,0.0,0.0
17.134,472.99365,179.15691,0.0,62.88825,-22.78129,0.0,0.0,0.0,-0.15135,0.98871,0.0,0.0,0.08675,1922.20587,8880.01097,0.0,2.50594,-0.0,0.0,0.0,0.0,0.0,0.0,0.0,0.0,0.0
17.15,474.04223,178.77791,0.0,62.94133,-22.6978,0.0,0.0,0.0,-0.15064,0.98882,0.0,0.0,0.08682,1910.86538,8889.33032,0.0,2.50607,-0.0,0.0,0.0,0.0,0.0,0.0,0.0,0.0,0.0
17.167,475.09169,178.40032,0.0,62.99409,-22.61407,0.0,0.0,0.0,-0.14992,0.98893,0.0,0.0,0.08688,1899.47948,8898.57617,0.0,2.5062,-0.0,0.0,0.0,0.0,0.0,0.0,0.0,0.0,0.0
17.184,476.14203,178.02411,0.0,63.04654,-22.53007,0.0,0.0,0.0,-0.14921,0.98904,0.0,0.0,0.08695,1888.04857,8907.74826,0.0,2.50633,-0.0,0.0,0.0,0.0,0.0,0.0,0.0,0.0,0.0
17.2,477.19324,177.64932,0.0,63.09867,-22.44583,0.0,0.0,0.0,-0.14849,0.98914,0.0,0.0,0.08701,1876.57303,8916.84634,0.0,2.50646,-0.0,0.0,0.0,0.0,0.0,0.0,0.0,0.0,0.0
17.217,478.24532,177.27592,0.0,63.15047,-22.36133,0.0,0.0,0.0,-0.14778,0.98925,0.0,0.0,0.08707,1865.05327,8925.87014,0.0,2.50659,-0.0,0.0,0.0,0.0,0.0,0.0,0.0,0.0,0.0
17.233,479.29825,176.90394,0.0,63.20196,-22.27658,0.0,0.0,0.0,-0.14706,0.98936,0.0,0.0,0.08713,1853.48966,8934.81943,0.0,2.50673,-0.0,0.0,0.0,0.0,0.0,0.0,0.0,0.0,0.0
17.25,480.35205,176.53337,0.0,63.25312,-22.19159,0.0,0.0,0.0,-0.14634,0.98946,0.0,0.0,0.08719,1841.88261,8943.69396,0.0,2.50686,-0.0,0.0,0.0,0.0,0.0,0.0,0.0,0.0,0.0
17.267,481.40669,176.16422,0.0,63.30396,-22.10636,0.0,0.0,0.0,-0.14562,0.98957,0.0,0.0,0.08725,1830.23252,8952.49348,0.0,2.50699,-0.0,0.0,0.0,0.0,0.0,0.0,0.0,0.0,0.0
17.284,482.46218,175.7965,0.0,63.35448,-22.02088,0.0,0.0,0.0,-0.1449,0.98968,0.0,0.0,0.08731,1818.53979,8961.21776,0.0,2.50713,-0.0,0.0,0.0,0.0,0.0,0.0,0.0,0.0,0.0
17.3,483.5185,175.43019,0.0,63.40467,-21.93516,0.0,0.0,0.0,-0.14418,0.98978,0.0,0.0,0.08736,1806.80482,8969.86655,0.0,2.50726,-0.0,0.0,0.0,0.0,0.0,0.0,0.0,0.0,0.0
17.317,484.57566,175.06533,0.0,63.45453,-21.8492,0.0,0.0,0.0,-0.14346,0.98989,0.0,0.0,0.08742,1795.02802,8978.43962,0.0,2.5074,-0.0,0.0,0.0,0.0,0.0,0.0,0.0,0.0,0.0
17.334,485.63365,174.70189,0.0,63.50406,-21.76301,0.0,0.0,0.0,-0.14274,0.98999,0.0,0.0,0.08747,1783.20978,8986.93674,0.0,2.50754,-0.0,0.0,0.0,0.0,0.0,0.0,0.0,0.0,0.0
17.35,486.69246,174.33989,0.0,63.55327,-21.67658,0.0,0.0,0.0,-0.14202,0.9901,0.0,0.0,0.08753,1771.35052,8995.35768,0.0,2.50767,-0.0,0.0,0.0,0.0,0.0,0.0,0.0,0.0,0.0
17.367,487.75209,173.97934,0.0,63.60214,-21.58992,0.0,0.0,0.0,-0.1413,0.9902,0.0,0.0,0.08758,1759.45065,9003.70221,0.0,2.50781,-0.0,0.0,0.0,0.0,0.0,0.0,0.0,0.0,0.0
17.384,488.81253,173.62023,0.0,63.65068,-21.50304,0.0,0.0,0.0,-0.14057,0.9903,0.0,0.0,0.08763,1747.51058,9011.97012,0.0,2.50795,-0.0,0.0,0.0,0.0,0.0,0.0,0.0,0.0,0.0
17.4,489.87378,173.26257,0.0,63.69889,-21.41592,0.0,0.0,0.0,-0.13985,0.99041,0.0,0.0,0.08768,1735.53072,9020.16117,0.0,2.50809,-0.0,0.0,0.0,0.0,0.0,0.0,0.0,0.0,0.0
17.417,490.93582,172.90637,0.0,63.74677,-21.32858,0.0,0.0,0.0,-0.13913,0.99051,0.0,0.0,0.08773,1723.51148,9028.27516,0.0,2.50823,-0.0,0.0,0.0,0.0,0.0,0.0,0.0,0.0,0.0
17.433,491.99867,172.55162,0.0,63.79431,-21.24101,0.0,0.0,0.0,-0.1384,0.99061,0.0,0.0,0.08778,1711.45329,9036.31187,0.0,2.50837,-0.0,0.0,0.0,0.0,0.0,0.0,0.0,0.0,0.0
17.45,493.0623,172.19834,0.0,63.84151,-21.15323,0.0,0.0,0.0,-0.13768,0.99071,0.0,0.0,0.08783,1699.35656,9044.27109,0.0,2.50851,-0.0,0.0,0.0,0.0,0.0,0.0,0.0,0.0,0.0
17.467,494.12671,171.84652,0.0,63.88838,-21.06522,0.0,0.0,0.0,-0.13695,0.99081,0.0,0.0,0.08787,1687.2217,9052.1526,0.0,2.50865,-0.0,0.0,0.0,0.0,0.0,0.0,0.0,0.0,0.0
17.483,495.19191,171.49616,0.0,63.93491,-20.977,0.0,0.0,0.0,-0.13623,0.99091,0.0,0.0,0.08792,1675.04914,9059.95621,0.0,2.5088,-0.0,0.0,0.0,0.0,0.0,0.0,0.0,0.0,0.0
17.5,496.25787,171.14729,0.0,63.9811,-20.88857,0.0,0.0,0.0,-0.1355,0.99101,0.0,0.0,0.08796,1662.83931,9067.68172,0.0,2.50894,-0.0,0.0,0.0,0.0,0.0,0.0,0.0,0.0,0.0
17.517,497.32461,170.79988,0.0,64.02695,-20.79992,0.0,0.0,0.0,-0.13478,0.99111,0.0,0.0,0.088,1650.59262,9075.32892,0.0,2.50908,-0.0,0.0,0.0,0.0,0.0,0.0,0.0,0.0,0.0
17.533,498.3921,170.45396,0.0,64.07246,-20.71106,0.0,0.0,0.0,-0.13405,0.99121,0.0,0.0,0.08805,1638.3095,9082.89761,0.0,2.50923,-0.0,0.0,0.0,0.0,0.0,0.0,0.0,0.0,0.0
17.55,499.46035,170.10951,0.0,64.11762,-20.62199,0.0,0.0,0.0,-0.13332,0.99131,0.0,0.0,0.08809,1625.99038,9090.38761,0.0,2.50937,-0.0,0.0,0.0,0.0,0.0,0.0,0.0,0.0,0.0
17.567,500.52935,169.76656,0.0,64.16244,-20.53272,0.0,0.0,0.0,-0.1326,0.99141,0.0,0.0,0.08813,1613.63569,9097.79873,0.0,2.50952,-0.0,0.0,0.0,0.0,0.0,0.0,0.0,0.0,0.0
17.583,501.5991,169.42509,0.0,64.20692,-20.44324,0.0,0.0,0.0,-0.13187,0.9915,0.0,0.0,0.08817,1601.24586,9105.13077,0.0,2.50966,-0.0,0.0,0.0,0.0,0.0,0.0,0.0,0.0,0.0
17.6,502.66958,169.08512,0.0,64.25106,-20.35357,0.0,0.0,0.0,-0.13114,0.9916,0.0,0.0,0.08821,1588.82131,9112.38356,0.0,2.50981,-0.0,0.0,0.0,0.0,0.0,0.0,0.0,0.0,0.0
17.617,503.7408,168.74664,0.0,64.29485,-20.26369,0.0,0.0,0.0,-0.13041,0.9917,0.0,0.0,0.08824,1576.36248,9119.55691,0.0,2.50996,-0.0,0.0,0.0,0.0,0.0,0.0,0.0,0.0,0.0
17.633,504.81274,168.40966,0.0,64.33829,-20.17362,0.0,0.0,0.0,-0.12968,0.99179,0.0,0.0,0.08828,1563.86981,9126.65065,0.0,2.51011,-0.0,0.0,0.0,0.0,0.0,0.0,0.0,0.0,0.0
17.65,505.8854,168.07419,0.0,64.38138,-20.08335,0.0,0.0,0.0,-0.12895,0.99189,0.0,0.0,0.08831,1551.34373,9133.6646,0.0,2.51026,-0.0,0.0,0.0,0.0,0.0,0.0,0.0,0.0,0.0
17.667,506.95878,167.74022,0.0,64.42412,-19.99289,0.0,0.0,0.0,-0.12822,0.99198,0.0,0.0,0.08835,1538.78467,9140.59859,0.0,2.51041,-0.0,0.0,0.0,0.0,0.0,0.0,0.0,0.0,0.0
17.683,508.03287,167.40776,0.0,64.46652,-19.90223,0.0,0.0,0.0,-0.12749,0.99208,0.0,0.0,0.08838,1526.19308,9147.45245,0.0,2.51056,-0.0,0.0,0.0,0.0,0.0,0.0,0.0,0.0,0.0
17.7,509.10766,167.07681,0.0,64.50856,-19.81139,0.0,0.0,0.0,-0.12676,0.99217,0.0,0.0,0.08841,1513.56939,9154.22602,0.0,2.51071,-0.0,0.0,0.0,0.0,0.0,0.0,0.0,0.0,0.0
17.717,510.18315,166.74738,0.0,64.55025,-19.72037,0.0,0.0,0.0,-0.12603,0.99226,0.0,0.0,0.08844,1500.91404,9160.91914,0.0,2.51086,-0.0,0.0,0.0,0.0,0.0,0.0,0.0,0.0,0.0
17.734,511.25934,166.41947,0.0,64.59159,-19.62916,0.0,0.0,0.0,-0.1253,0.99236,0.0,0.0,0.08847,1488.22748,9167.53165,0.0,2.51101,-0.0,0.0,0.0,0.0,0.0,0.0,0.0,0.0,0.0
17.75,512.3362,166.09308,0.0,64.63258,-19.53777,0.0,0.0,0.0,-0.12457,0.99245,0.0,0.0,0.0885,1475.51015,9174.06338,0.0,2.51117,-0.0,0.0,0.0,0.0,0.0,0.0,0.0,0.0,0.0
17.766,513.41375,165.76821,0.0,64.67321,-19.4462,0.0,0.0,0.0,-0.12384,0.99254,0.0,0.0,0.08853,1462.76249,9180.5142,0.0,2.51132,-0.0,0.0,0.0,0.0,0.0,0.0,0.0,0.0,0.0
17.783,514.49198,165.44487,0.0,64.71349,-19.35445,0.0,0.0,0.0,-0.1231,0.99263,0.0,0.0,0.08856,1449.98495,9186.88395,0.0,2.51148,-0.0,0.0,0.0,0.0,0.0,0.0,0.0,0.0,0.0
17.8,515.57087,165.12307,0.0,64.75341,-19.26253,0.0,0.0,0.0,-0.12237,0.99272,0.0,0.0,0.08859,1437.17796,9193.17248,0.0,2.51163,-0.0,0.0,0.0,0.0,0.0,0.0,0.0,0.0,0.0
17.817,516.65042,164.80279,0.0,64.79298,-19.17044,0.0,0.0,0.0,-0.12164,0.99281,0.0,0.0,0.08861,1424.34199,9199.37966,0.0,2.51179,-0.0,0.0,0.0,0.0,0.0,0.0,0.0,0.0,0.0
17.834,517.73063,164.48405,0.0,64.83218,-19.07817,0.0,0.0,0.0,-0.12091,0.9929,0.0,0.0,0.08863,1411.47748,9205.50534,0.0,2.51195,-0.0,0.0,0.0,0.0,0.0,0.0,0.0,0.0,0.0
17.85,518.81149,164.16685,0.0,64.87103,-18.98574,0.0,0.0,0.0,-0.12017,0.99299,0.0,0.0,0.08866,1398.58487,9211.54939,0.0,2.5121,-0.0,0.0,0.0,0.0,0.0,0.0,0.0,0.0,0.0
17.867,519.89299,163.8512,0.0,64.90952,-18.89314,0.0,0.0,0.0,-0.11944,0.99308,0.0,0.0,0.08868,1385.66462,9217.51168,0.0,2.51226,-0.0,0.0,0.0,0.0,0.0,0.0,0.0,0.0,0.0
17.883,520.97514,163.53708,0.0,64.94765,-18.80038,0.0,0.0,0.0,-0.11871,0.99317,0.0,0.0,0.0887,1372.71717,9223.39207,0.0,2.51242,-0.0,0.0,0.0,0.0,0.0,0.0,0.0,0.0,0.0
17.9,522.05791,163.22452,0.0,64.98543,-18.70746,0.0,0.0,0.0,-0.11797,0.99326,0.0,0.0,0.08872,1359.74299,9229.19044,0.0,2.51258,-0.0,0.0,0.0,0.0,0.0,0.0,0.0,0.0,0.0
17.917,523.14131,162.9135,0.0,65.02283,-18.61438,0.0,0.0,0.0,-0.11724,0.99334,0.0,0.0,0.08874,1346.74251,9234.90667,0.0,2.51274,-0.0,0.0,0.0,0.0,0.0,0.0,0.0,0.0,0.0
17.933,524.22534,162.60404,0.0,65.05988,-18.52114,0.0,0.0,0.0,-0.1165,0.99343,0.0,0.0,0.08876,1333.71621,9240.54063,0.0,2.5129,-0.0,0.0,0.0,0.0,0.0,0.0,0.0,0.0,0.0
17.951,525.30997,162.29613,0.0,65.09657,-18.42775,0.0,0.0,0.0,-0.11577,0.99352,0.0,0.0,0.08878,1320.66452,9246.09221,0.0,2.51306,-0.0,0.0,0.0,0.0,0.0,0.0,0.0,0.0,0.0
17.967,526.39522,161.98978,0.0,65.13289,-18.3342,0.0,0.0,0.0,-0.11503,0.9936,0.0,0.0,0.08879,1307.58791,9251.56131,0.0,2.51323,-0.0,0.0,0.0,0.0,0.0,0.0,0.0,0.0,0.0
17.984,527.48107,161.68499,0.0,65.16885,-18.24051,0.0,0.0,0.0,-0.1143,0.99369,0.0,0.0,0.08881,1294.48683,9256.94779,0.0,2.51339,-0.0,0.0,0.0,0.0,0.0,0.0,0.0,0.0,0.0
18.0,528.56751,161.38177,0.0,65.20444,-18.14667,0.0,0.0,0.0,-0.11356,0.99377,0.0,0.0,0.08882,1281.36174,9262.25157,0.0,2.51356,-0.0,0.0,0.0,0.0,0.0,0.0,0.0,0.0,0.0
18.017,529.65455,161.08011,0.0,65.23967,-18.05268,0.0,0.0,0.0,-0.11283,0.99386,0.0,0.0,0.08884,1268.2131,9267.47254,0.0,2.51372,-0.0,0.0,0.0,0.0,0.0,0.0,0.0,0.0,0.0
18.033,530.74216,160.78001,0.0,65.27453,-17.95856,0.0,0.0,0.0,-0.11209,0.99394,0.0,0.0,0.08885,1255.04136,9272.6106,0.0,2.51389,-0.0,0.0,0.0,0.0,0.0,0.0,0.0,0.0,0.0
18.05,531.83036,160.48149,0.0,65.30903,-17.86429,0.0,0.0,0.0,-0.11136,0.99402,0.0,0.0,0.08886,1241.84699,9277.66564,0.0,2.51405,-0.0,0.0,0.0,0.0,0.0,0.0,0.0,0.0,0.0
18.067,532.91913,160.18454,0.0,65.34316,-17.76988,0.0,0.0,0.0,-0.11062,0.99411,0.0,0.0,0.08887,1228.63044,9282.63758,0.0,2.51422,-0.0,0.0,0.0,0.0,0.0,0.0,0.0,0.0,0.0
18.084,534.00846,159.88916,0.0,65.37692,-17.67534,0.0,0.0,0.0,-0.10988,0.99419,0.0,0.0,0.08888,1215.39217,9287.52634,0.0,2.51439,-0.0,0.0,0.0,0.0,0.0,0.0,0.0,0.0,0.0
18.1,535.09836,159.59536,0.0,65.41031,-17.58066,0.0,0.0,0.0,-0.10915,0.99427,0.0,0.0,0.08889,1202.13265,9292.33181,0.0,2.51456,-0.0,0.0,0.0,0.0,0.0,0.0,0.0,0.0,0.0
18.117,536.1888,159.30314,0.0,65.44333,-17.48585,0.0,0.0,0.0,-0.10841,0.99435,0.0,0.0,0.0889,1188.85233,9297.05392,0.0,2.51472,-0.0,0.0,0.0,0.0,0.0,0.0,0.0,0.0,0.0
18.133,537.2798,159.0125,0.0,65.47599,-17.39092,0.0,0.0,0.0,-0.10768,0.99443,0.0,0.0,0.0889,1175.55168,9301.69258,0.0,2.51489,-0.0,0.0,0.0,0.0,0.0,0.0,0.0,0.0,0.0
18.15,538.37133,158.72344,0.0,65.50827,-17.29586,0.0,0.0,0.0,-0.10694,0.99451,0.0,0.0,0.08891,1162.23116,9306.24773,0.0,2.51507,-0.0,0.0,0.0,0.0,0.0,0.0,0.0,0.0,0.0
18.167,539.4634,158.43597,0.0,65.54018,-17.20067,0.0,0.0,0.0,-0.1062,0.99459,0.0,0.0,0.08891,1148.89124,9310.71929,0.0,2.51524,-0.0,0.0,0.0,0.0,0.0,0.0,0.0,0.0,0.0
18.184,540.556,158.15009,0.0,65.57173,-17.10536,0.0,0.0,0.0,-0.10547,0.99467,0.0,0.0,0.08892,1135.53237,9315.10718,0.0,2.51541,-0.0,0.0,0.0,0.0,0.0,0.0,0.0,0.0,0.0
18.2,541.64912,157.86579,0.0,65.6029,-17.00993,0.0,0.0,0.0,-0.10473,0.99475,0.0,0.0,0.08892,1122.15502,9319.41134,0.0,2.51558,-0.0,0.0,0.0,0.0,0.0,0.0,0.0,0.0,0.0
18.217,542.74276,157.58309,0.0,65.6337,-16.91439,0.0,0.0,0.0,-0.10399,0.99482,0.0,0.0,0.08892,1108.75966,9323.63171,0.0,2.51576,-0.0,0.0,0.0,0.0,0.0,0.0,0.0,0.0,0.0
18.233,543.83691,157.30198,0.0,65.66412,-16.81872,0.0,0.0,0.0,-0.10325,0.9949,0.0,0.0,0.08892,1095.34674,9327.76823,0.0,2.51593,-0.0,0.0,0.0,0.0,0.0,0.0,0.0,0.0,0.0
18.25,544.93156,157.02247,0.0,65.69418,-16.72295,0.0,0.0,0.0,-0.10252,0.99498,0.0,0.0,0.08892,1081.91674,9331.82084,0.0,2.51611,-0.0,0.0,0.0,0.0,0.0,0.0,0.0,0.0,0.0
18.267,546.02671,156.74455,0.0,65.72386,-16.62707,0.0,0.0,0.0,-0.10178,0.99505,0.0,0.0,0.08892,1068.47012,9335.78948,0.0,2.51628,-0.0,0.0,0.0,0.0,0.0,0.0,0.0,0.0,0.0
18.283,547.12236,156.46823,0.0,65.75316,-16.53108,0.0,0.0,0.0,-0.10104,0.99513,0.0,0.0,0.08892,1055.00735,9339.67412,0.0,2.51646,-0.0,0.0,0.0,0.0,0.0,0.0,0.0,0.0,0.0
18.3,548.21848,156.19352,0.0,65.78209,-16.43498,0.0,0.0,0.0,-0.10031,0.9952,0.0,0.0,0.08892,1041.52888,9343.47469,0.0,2.51664,-0.0,0.0,0.0,0.0,0.0,0.0,0.0,0.0,0.0
18.317,549.31509,155.9204,0.0,65.81065,-16.33878,0.0,0.0,0.0,-0.09957,0.99528,0.0,0.0,0.08891,1028.03519,9347.19116,0.0,2.51682,-0.0,0.0,0.0,0.0,0.0,0.0,0.0,0.0,0.0
18.334,550.41217,155.64889,0.0,65.83883,-16.24248,0.0,0.0,0.0,-0.09883,0.99535,0.0,0.0,0.08891,1014.52675,9350.82349,0.0,2.51699,-0.0,0.0,0.0,0.0,0.0,0.0,0.0,0.0,0.0
18.35,551.50971,155.37899,0.0,65.86664,-16.14608,0.0,0.0,0.0,-0.09809,0.99542,0.0,0.0,0.0889,1001.00402,9354.37164,0.0,2.51717,-0.0,0.0,0.0,0.0,0.0,0.0,0.0,0.0,0.0
18.367,552.60772,155.11069,0.0,65.89407,-16.04958,0.0,0.0,0.0,-0.09736,0.9955,0.0,0.0,0.0889,987.46746,9357.83557,0.0,2.51736,-0.0,0.0,0.0,0.0,0.0,0.0,0.0,0.0,0.0
18.383,553.70618,154.844,0.0,65.92112,-15.95299,0.0,0.0,0.0,-0.09662,0.99557,0.0,0.0,0.08889,973.91754,9361.21526,0.0,2.51754,-0.0,0.0,0.0,0.0,0.0,0.0,0.0,0.0,0.0
18.4,554.80509,154.57892,0.0,65.9478,-15.85631,0.0,0.0,0.0,-0.09588,0.99564,0.0,0.0,0.08888,960.35474,9364.51069,0.0,2.51772,-0.0,0.0,0.0,0.0,0.0,0.0,0.0,0.0,0.0
18.417,555.90444,154.31546,0.0,65.9741,-15.75954,0.0,0.0,0.0,-0.09515,0.99571,0.0,0.0,0.08887,946.77951,9367.72182,0.0,2.5179,-0.0,0.0,0.0,0.0,0.0,0.0,0.0,0.0,0.0
18.434,557.00422,154.05361,0.0,66.00002,-15.66269,0.0,0.0,0.0,-0.09441,0.99578,0.0,0.0,0.08886,933.19232,9370.84863,0.0,2.51809,-0.0,0.0,0.0,0.0,0.0,0.0,0.0,0.0,0.0
18.45,558.10443,153.79337,0.0,66.02556,-15.56574,0.0,0.0,0.0,-0.09367,0.99585,0.0,0.0,0.08885,919.59365,9373.89112,0.0,2.51827,-0.0,0.0,0.0,0.0,0.0,0.0,0.0,0.0,0.0
18.467,559.20507,153.53475,0.0,66.05073,-15.46872,0.0,0.0,0.0,-0.09293,0.99592,0.0,0.0,0.08884,905.98395,9376.84927,0.0,2.51846,-0.0,0.0,0.0,0.0,0.0,0.0,0.0,0.0,0.0
18.484,560.30612,153.27775,0.0,66.07552,-15.37162,0.0,0.0,0.0,-0.0922,0.99599,0.0,0.0,0.08882,892.3637,9379.72306,0.0,2.51864,-0.0,0.0,0.0,0.0,0.0,0.0,0.0,0.0,0.0
18.5,561.40758,153.02236,0.0,66.09993,-15.27444,0.0,0.0,0.0,-0.09146,0.99606,0.0,0.0,0.08881,878.73336,9382.5125,0.0,2.51883,-0.0,0.0,0.0,0.0,0.0,0.0,0.0,0.0,0.0
18.517,562.50945,152.7686,0.0,66.12396,-15.17718,0.0,0.0,0.0,-0.09072,0.99613,0.0,0.0,0.08879,865.0934,9385.21757,0.0,2.51902,-0.0,0.0,0.0,0.0,0.0,0.0,0.0,0.0,0.0
18.533,563.61171,152.51646,0.0,66.14761,-15.07985,0.0,0.0,0.0,-0.08999,0.99619,0.0,0.0,0.08878,851.44428,9387.83829,0.0,2.51921,-0.0,0.0,0.0,0.0,0.0,0.0,0.0,0.0,0.0
18.55,564.71437,152.26594,0.0,66.17088,-14.98245,0.0,0.0,0.0,-0.08925,0.99626,0.0,0.0,0.08876,837.78647,9390.37464,0.0,2.5194,-0.0,0.0,0.0,0.0,0.0,0.0,0.0,0.0,0.0
18.567,565.81741,152.01704,0.0,66.19377,-14.88498,0.0,0.0,0.0,-0.08851,0.99633,0.0,0.0,0.08874,824.12044,9392.82664,0.0,2.51959,-0.0,0.0,0.0,0.0,0.0,0.0,0.0,0.0,0.0
18.584,566.92082,151.76977,0.0,66.21628,-14.78745,0.0,0.0,0.0,-0.08778,0.99639,0.0,0.0,0.08872,810.44665,9395.1943,0.0,2.51978,-0.0,0.0,0.0,0.0,0.0,0.0,0.0,0.0,0.0
18.6,568.02461,151.52413,0.0,66.23842,-14.68985,0.0,0.0,0.0,-0.08704,0.99646,0.0,0.0,0.0887,796.76557,9397.47763,0.0,2.51997,-0.0,0.0,0.0,0.0,0.0,0.0,0.0,0.0,0.0
18.617,569.12877,151.28011,0.0,66.26017,-14.59219,0.0,0.0,0.0,-0.0863,0.99652,0.0,0.0,0.08868,783.07767,9399.67665,0.0,2.52016,-0.0,0.0,0.0,0.0,0.0,0.0,0.0,0.0,0.0
18.633,570.23328,151.03772,0.0,66.28154,-14.49448,0.0,0.0,0.0,-0.08557,0.99658,0.0,0.0,0.08866,769.38341,9401.79138,0.0,2.52035,-0.0,0.0,0.0,0.0,0.0,0.0,0.0,0.0,0.0
18.65,571.33815,150.79696,0.0,66.30253,-14.3967,0.0,0.0,0.0,-0.08483,0.99665,0.0,0.0,0.08864,755.68325,9403.82184,0.0,2.52055,-0.0,0.0,0.0,0.0,0.0,0.0,0.0,0.0,0.0
18.667,572.44336,150.55783,0.0,66.32314,-14.29888,0.0,0.0,0.0,-0.08409,0.99671,0.0,0.0,0.08861,741.97766,9405.76805,0.0,2.52074,-0.0,0.0,0.0,0.0,0.0,0.0,0.0,0.0,0.0
18.683,573.54892,150.32033,0.0,66.34337,-14.201,0.0,0.0,0.0,-0.08336,0.99677,0.0,0.0,0.08859,728.26711,9407.63006,0.0,2.52094,-0.0,0.0,0.0,0.0,0.0,0.0,0.0,0.0,0.0
18.7,574.6548,150.08447,0.0,66.36322,-14.10307,0.0,0.0,0.0,-0.08262,0.99683,0.0,0.0,0.08856,714.55205,9409.40788,0.0,2.52114,-0.0,0.0,0.0,0.0,0.0,0.0,0.0,0.0,0.0
18.717,575.76102,149.85023,0.0,66.38269,-14.0051,0.0,0.0,0.0,-0.08189,0.99689,0.0,0.0,0.08854,700.83296,9411.10156,0.0,2.52133,-0.0,0.0,0.0,0.0,0.0,0.0,0.0,0.0,0.0
18.733,576.86756,149.61763,0.0,66.40177,-13.90708,0.0,0.0,0.0,-0.08115,0.99695,0.0,0.0,0.08851,687.11029,9412.71114,0.0,2.52153,-0.0,0.0,0.0,0.0,0.0,0.0,0.0,0.0,0.0
18.75,577.97441,149.38666,0.0,66.42048,-13.80901,0.0,0.0,0.0,-0.08042,0.99701,0.0,0.0,0.08848,673.38451,9414.23666,0.0,2.52173,-0.0,0.0,0.0,0.0,0.0,0.0,0.0,0.0,0.0
18.766,579.08157,149.15733,0.0,66.4388,-13.71091,0.0,0.0,0.0,-0.07968,0.99707,0.0,0.0,0.08845,659.65608,9415.67817,0.0,2.52193,-0.0,0.0,0.0,0.0,0.0,0.0,0.0,0.0,0.0
18.783,580.18903,148.92963,0.0,66.45675,-13.61277,0.0,0.0,0.0,-0.07895,0.99713,0.0,0.0,0.08842,645.92546,9417.03571,0.0,2.52213,-0.0,0.0,0.0,0.0,0.0,0.0,0.0,0.0,0.0
18.8,581.29679,148.70357,0.0,66.47431,-13.51459,0.0,0.0,0.0,-0.07821,0.99719,0.0,0.0,0.08839,632.19311,9418.30934,0.0,2.52234,-0.0,0.0,0.0,0.0,0.0,0.0,0.0,0.0,0.0
18.817,582.40484,148.47915,0.0,66.49149,-13.41639,0.0,0.0,0.0,-0.07748,0.99725,0.0,0.0,0.08836,618.45949,9419.49912,0.0,2.52254,-0.0,0.0,0.0,0.0,0.0,0.0,0.0,0.0,0.0
18.833,583.51317,148.25636,0.0,66.50828,-13.31815,0.0,0.0,0.0,-0.07674,0.99731,0.0,0.0,0.08833,604.72506,9420.60509,0.0,2.52274,-0.0,0.0,0.0,0.0,0.0,0.0,0.0,0.0,0.0
18.85,584.62178,148.03521,0.0,66.5247,-13.21988,0.0,0.0,0.0,-0.07601,0.99736,0.0,0.0,0.08829,590.99029,9421.62734,0.0,2.52295,-0.0,0.0,0.0,0.0,0.0,0.0,0.0,0.0,0.0
18.866,585.73066,147.8157,0.0,66.54073,-13.12159,0.0,0.0,0.0,-0.07528,0.99742,0.0,0.0,0.08826,577.25562,9422.56591,0.0,2.52315,-0.0,0.0,0.0,0.0,0.0,0.0,0.0,0.0,0.0
18.883,586.8398,147.59782,0.0,66.55639,-13.02327,0.0,0.0,0.0,-0.07454,0.99747,0.0,0.0,0.08822,563.52153,9423.42089,0.0,2.52336,-0.0,0.0,0.0,0.0,0.0,0.0,0.0,0.0,0.0
18.9,587.9492,147.38159,0.0,66.57166,-12.92493,0.0,0.0,0.0,-0.07381,0.99753,0.0,0.0,0.08819,549.78846,9424.19234,0.0,2.52356,-0.0,0.0,0.0,0.0,0.0,0.0,0.0,0.0,0.0
18.917,589.05885,147.16699,0.0,66.58655,-12.82657,0.0,0.0,0.0,-0.07308,0.99758,0.0,0.0,0.08815,536.05687,9424.88034,0.0,2.52377,-0.0,0.0,0.0,0.0,0.0,0.0,0.0,0.0,0.0
18.933,590.16875,146.95404,0.0,66.60106,-12.7282,0.0,0.0,0.0,-0.07234,0.99764,0.0,0.0,0.08811,522.32721,9425.48496,0.0,2.52398,-0.0,0.0,0.0,0.0,0.0,0.0,0.0,0.0,0.0
18.95,591.27889,146.74272,0.0,66.61519,-12.62981,0.0,0.0,0.0,-0.07161,0.99769,0.0,0.0,0.08807,508.59995,9426.00629,0.0,2.52419,-0.0,0.0,0.0,0.0,0.0,0.0,0.0,0.0,0.0
18.967,592.38925,146.53304,0.0,66.62893,-12.5314,0.0,0.0,0.0,-0.07088,0.99774,0.0,0.0,0.08803,494.87554,9426.44441,0.0,2.5244,-0.0,0.0,0.0,0.0,0.0,0.0,0.0,0.0,0.0
18.983,593.49985,146.32501,0.0,66.6423,-12.43299,0.0,0.0,0.0,-0.07015,0.99779,0.0,0.0,0.08799,481.15442,9426.79942,0.0,2.52461,-0.0,0.0,0.0,0.0,0.0,0.0,0.0,0.0,0.0
19.002,594.61066,146.11861,0.0,66.65528,-12.33457,0.0,0.0,0.0,-0.06942,0.99784,0.0,0.0,0.08795,467.43706,9427.07139,0.0,2.52482,-0.0,0.0,0.0,0.0,0.0,0.0,0.0,0.0,0.0
19.002,594.61066,146.11861,0.0,66.65528,-12.33457,0.0,0.0,0.0,-0.06942,0.99784,0.0,0.0,0.08795,467.43706,9427.07139,0.0,2.52482,-0.0,0.0,0.0,0.0,0.0,0.0,0.0,0.0,0.0
19.034,595.72169,145.91385,0.0,66.66789,-12.23615,0.0,0.0,0.0,-0.06869,0.9979,0.0,0.0,0.0879,453.7239,9427.26043,0.0,2.52504,-0.0,0.0,0.0,0.0,0.0,0.0,0.0,0.0,0.0
19.05,596.83292,145.71074,0.0,66.68011,-12.13772,0.0,0.0,0.0,-0.06796,0.99795,0.0,0.0,0.08786,440.01539,9427.36664,0.0,2.52525,-0.0,0.0,0.0,0.0,0.0,0.0,0.0,0.0,0.0
19.067,597.94435,145.50926,0.0,66.69195,-12.0393,0.0,0.0,0.0,-0.06722,0.998,0.0,0.0,0.08782,426.31199,9427.39011,0.0,2.52547,-0.0,0.0,0.0,0.0,0.0,0.0,0.0,0.0,0.0
19.083,599.05598,145.30943,0.0,66.70341,-11.94087,0.0,0.0,0.0,-0.06649,0.99804,0.0,0.0,0.08777,412.61414,9427.33094,0.0,2.52568,-0.0,0.0,0.0,0.0,0.0,0.0,0.0,0.0,0.0
19.1,600.1678,145.11123,0.0,66.71449,-11.84245,0.0,0.0,0.0,-0.06576,0.99809,0.0,0.0,0.08772,398.92229,9427.18925,0.0,2.5259,-0.0,0.0,0.0,0.0,0.0,0.0,0.0,0.0,0.0
19.117,601.2798,144.91468,0.0,66.7252,-11.74403,0.0,0.0,0.0,-0.06504,0.99814,0.0,0.0,0.08768,385.23689,9426.96515,0.0,2.52612,-0.0,0.0,0.0,0.0,0.0,0.0,0.0,0.0,0.0
19.133,602.39197,144.71977,0.0,66.73552,-11.64562,0.0,0.0,0.0,-0.06431,0.99819,0.0,0.0,0.08763,371.55838,9426.65874,0.0,2.52633,-0.0,0.0,0.0,0.0,0.0,0.0,0.0,0.0,0.0
19.15,603.50431,144.52649,0.0,66.74546,-11.54723,0.0,0.0,0.0,-0.06358,0.99824,0.0,0.0,0.08758,357.88721,9426.27014,0.0,2.52655,-0.0,0.0,0.0,0.0,0.0,0.0,0.0,0.0,0.0
19.167,604.61681,144.33486,0.0,66.75502,-11.44884,0.0,0.0,0.0,-0.06285,0.99828,0.0,0.0,0.08753,344.22382,9425.79948,0.0,2.52677,-0.0,0.0,0.0,0.0,0.0,0.0,0.0,0.0,0.0
19.183,605.72947,144.14486,0.0,66.7642,-11.35048,0.0,0.0,0.0,-0.06212,0.99833,0.0,0.0,0.08748,330.56865,9425.24687,0.0,2.527,-0.0,0.0,0.0,0.0,0.0,0.0,0.0,0.0,0.0
19.2,606.84228,143.95651,0.0,66.77301,-11.25212,0.0,0.0,0.0,-0.06139,0.99837,0.0,0.0,0.08742,316.92215,9424.61244,0.0,2.52722,-0.0,0.0,0.0,0.0,0.0,0.0,0.0,0.0,0.0
19.217,607.95524,143.76979,0.0,66.78143,-11.15379,0.0,0.0,0.0,-0.06067,0.99842,0.0,0.0,0.08737,303.28476,9423.89631,0.0,2.52744,-0.0,0.0,0.0,0.0,0.0,0.0,0.0,0.0,0.0
19.234,609.06833,143.58472,0.0,66.78948,-11.05549,0.0,0.0,0.0,-0.05994,0.99846,0.0,0.0,0.08732,289.65691,9423.09863,0.0,2.52766,-0.0,0.0,0.0,0.0,0.0,0.0,0.0,0.0,0.0
19.25,610.18155,143.40128,0.0,66.79714,-10.9572,0.0,0.0,0.0,-0.05921,0.99851,0.0,0.0,0.08726,276.03904,9422.21951,0.0,2.52789,-0.0,0.0,0.0,0.0,0.0,0.0,0.0,0.0,0.0
19.267,611.2949,143.21947,0.0,66.80443,-10.85894,0.0,0.0,0.0,-0.05849,0.99855,0.0,0.0,0.08721,262.43159,9421.25911,0.0,2.52811,-0.0,0.0,0.0,0.0,0.0,0.0,0.0,0.0,0.0
19.283,612.40836,143.03931,0.0,66.81135,-10.76072,0.0,0.0,0.0,-0.05776,0.99859,0.0,0.0,0.08715,248.83499,9420.21755,0.0,2.52834,-0.0,0.0,0.0,0.0,0.0,0.0,0.0,0.0,0.0
19.3,613.52194,142.86078,0.0,66.81788,-10.66252,0.0,0.0,0.0,-0.05704,0.99863,0.0,0.0,0.08709,235.24969,9419.09499,0.0,2.52857,-0.0,0.0,0.0,0.0,0.0,0.0,0.0,0.0,0.0
19.317,614.63562,142.68389,0.0,66.82404,-10.56435,0.0,0.0,0.0,-0.05631,0.99867,0.0,0.0,0.08704,221.6761,9417.89157,0.0,2.5288,-0.0,0.0,0.0,0.0,0.0,0.0,0.0,0.0,0.0
19.333,615.7494,142.50864,0.0,66.82982,-10.46623,0.0,0.0,0.0,-0.05559,0.99872,0.0,0.0,0.08698,208.11467,9416.60743,0.0,2.52903,-0.0,0.0,0.0,0.0,0.0,0.0,0.0,0.0,0.0
19.35,616.86328,142.33502,0.0,66.83522,-10.36814,0.0,0.0,0.0,-0.05486,0.99876,0.0,0.0,0.08692,194.56582,9415.24273,0.0,2.52926,-0.0,0.0,0.0,0.0,0.0,0.0,0.0,0.0,0.0
19.367,617.97724,142.16303,0.0,66.84025,-10.27009,0.0,0.0,0.0,-0.05414,0.9988,0.0,0.0,0.08686,181.02999,9413.79763,0.0,2.52949,-0.0,0.0,0.0,0.0,0.0,0.0,0.0,0.0,0.0
19.384,619.09128,141.99268,0.0,66.84491,-10.17208,0.0,0.0,0.0,-0.05342,0.99883,0.0,0.0,0.08679,167.50759,9412.27228,0.0,2.52972,-0.0,0.0,0.0,0.0,0.0,0.0,0.0,0.0,0.0
19.4,620.2054,141.82396,0.0,66.84918,-10.07411,0.0,0.0,0.0,-0.0527,0.99887,0.0,0.0,0.08673,153.99906,9410.66684,0.0,2.52995,-0.0,0.0,0.0,0.0,0.0,0.0,0.0,0.0,0.0
19.417,621.31959,141.65688,0.0,66.85309,-9.9762,0.0,0.0,0.0,-0.05197,0.99891,0.0,0.0,0.08667,140.50482,9408.98147,0.0,2.53019,-0.0,0.0,0.0,0.0,0.0,0.0,0.0,0.0,0.0
19.433,622.43383,141.49142,0.0,66.85661,-9.87833,0.0,0.0,0.0,-0.05125,0.99895,0.0,0.0,0.0866,127.0253,9407.21635,0.0,2.53042,-0.0,0.0,0.0,0.0,0.0,0.0,0.0,0.0,0.0
19.45,623.54814,141.3276,0.0,66.85977,-9.78051,0.0,0.0,0.0,-0.05053,0.99899,0.0,0.0,0.08654,113.56091,9405.37164,0.0,2.53066,-0.0,0.0,0.0,0.0,0.0,0.0,0.0,0.0,0.0
19.467,624.66249,141.16541,0.0,66.86255,-9.68275,0.0,0.0,0.0,-0.04981,0.99902,0.0,0.0,0.08647,100.11208,9403.44751,0.0,2.5309,-0.0,0.0,0.0,0.0,0.0,0.0,0.0,0.0,0.0
19.483,625.77689,141.00484,0.0,66.86496,-9.58504,0.0,0.0,0.0,-0.04909,0.99906,0.0,0.0,0.0864,86.67922,9401.44414,0.0,2.53113,-0.0,0.0,0.0,0.0,0.0,0.0,0.0,0.0,0.0
19.5,626.89132,140.8459,0.0,66.86699,-9.4874,0.0,0.0,0.0,-0.04837,0.99909,0.0,0.0,0.08634,73.26276,9399.3617,0.0,2.53137,-0.0,0.0,0.0,0.0,0.0,0.0,0.0,0.0,0.0
19.517,628.00578,140.68859,0.0,66.86866,-9.38981,0.0,0.0,0.0,-0.04765,0.99913,0.0,0.0,0.08627,59.86311,9397.20038,0.0,2.53161,-0.0,0.0,0.0,0.0,0.0,0.0,0.0,0.0,0.0
19.534,629.12027,140.53291,0.0,66.86995,-9.29228,0.0,0.0,0.0,-0.04694,0.99916,0.0,0.0,0.0862,46.48067,9394.96035,0.0,2.53185,-0.0,0.0,0.0,0.0,0.0,0.0,0.0,0.0,0.0
19.55,630.23478,140.37885,0.0,66.87087,-9.19482,0.0,0.0,0.0,-0.04622,0.9992,0.0,0.0,0.08613,33.11588,9392.64181,0.0,2.53209,-0.0,0.0,0.0,0.0,0.0,0.0,0.0,0.0,0.0
19.567,631.3493,140.22642,0.0,66.87142,-9.09742,0.0,0.0,0.0,-0.0455,0.99923,0.0,0.0,0.08606,19.76912,9390.24495,0.0,2.53234,-0.0,0.0,0.0,0.0,0.0,0.0,0.0,0.0,0.0
19.583,632.46382,140.0756,0.0,66.87159,-9.00009,0.0,0.0,0.0,-0.04479,0.99926,0.0,0.0,0.08598,6.44083,9387.76994,0.0,2.53258,-0.0,0.0,0.0,0.0,0.0,0.0,0.0,0.0,0.0
19.6,633.57835,139.92641,0.0,66.8714,-8.90284,0.0,0.0,0.0,-0.04407,0.99929,0.0,0.0,0.08591,-6.8686,9385.217,0.0,2.53283,-0.0,0.0,0.0,0.0,0.0,0.0,0.0,0.0,0.0
19.617,634.69287,139.77884,0.0,66.87084,-8.80565,0.0,0.0,0.0,-0.04335,0.99933,0.0,0.0,0.08584,-20.15877,9382.5863,0.0,2.53307,-0.0,0.0,0.0,0.0,0.0,0.0,0.0,0.0,0.0
19.634,635.80737,139.63289,0.0,66.86992,-8.70855,0.0,0.0,0.0,-0.04264,0.99936,0.0,0.0,0.08576,-33.42925,9379.87807,0.0,2.53332,-0.0,0.0,0.0,0.0,0.0,0.0,0.0,0.0,0.0
19.65,636.92186,139.48856,0.0,66.86862,-8.61151,0.0,0.0,0.0,-0.04193,0.99939,0.0,0.0,0.08569,-46.67966,9377.09248,0.0,2.53357,-0.0,0.0,0.0,0.0,0.0,0.0,0.0,0.0,0.0
19.667,638.03632,139.34584,0.0,66.86695,-8.51456,0.0,0.0,0.0,-0.04121,0.99942,0.0,0.0,0.08561,-59.9096,9374.22976,0.0,2.53382,-0.0,0.0,0.0,0.0,0.0,0.0,0.0,0.0,0.0
19.683,639.15075,139.20474,0.0,66.86492,-8.41769,0.0,0.0,0.0,-0.0405,0.99945,0.0,0.0,0.08553,-73.11866,9371.2901,0.0,2.53406,-0.0,0.0,0.0,0.0,0.0,0.0,0.0,0.0,0.0
19.7,640.26515,139.06525,0.0,66.86253,-8.32091,0.0,0.0,0.0,-0.03979,0.99948,0.0,0.0,0.08545,-86.30644,9368.27372,0.0,2.53432,-0.0,0.0,0.0,0.0,0.0,0.0,0.0,0.0,0.0
19.717,641.3795,138.92737,0.0,66.85976,-8.22421,0.0,0.0,0.0,-0.03908,0.9995,0.0,0.0,0.08537,-99.47255,9365.18083,0.0,2.53457,-0.0,0.0,0.0,0.0,0.0,0.0,0.0,0.0,0.0
19.733,642.49381,138.79111,0.0,66.85663,-8.1276,0.0,0.0,0.0,-0.03837,0.99953,0.0,0.0,0.08529,-112.6166,9362.01165,0.0,2.53482,-0.0,0.0,0.0,0.0,0.0,0.0,0.0,0.0,0.0
19.75,643.60805,138.65645,0.0,66.85314,-8.03108,0.0,0.0,0.0,-0.03765,0.99956,0.0,0.0,0.08521,-125.73819,9358.76638,0.0,2.53507,-0.0,0.0,0.0,0.0,0.0,0.0,0.0,0.0,0.0
19.766,644.72224,138.5234,0.0,66.84929,-7.93465,0.0,0.0,0.0,-0.03695,0.99959,0.0,0.0,0.08513,-138.83694,9355.44526,0.0,2.53533,-0.0,0.0,0.0,0.0,0.0,0.0,0.0,0.0,0.0
19.783,645.83636,138.39196,0.0,66.84507,-7.83831,0.0,0.0,0.0,-0.03624,0.99961,0.0,0.0,0.08505,-151.91245,9352.0485,0.0,2.53558,-0.0,0.0,0.0,0.0,0.0,0.0,0.0,0.0,0.0
19.8,646.95041,138.26213,0.0,66.84048,-7.74207,0.0,0.0,0.0,-0.03553,0.99964,0.0,0.0,0.08497,-164.96433,9348.57633,0.0,2.53584,-0.0,0.0,0.0,0.0,0.0,0.0,0.0,0.0,0.0
19.817,648.06437,138.13389,0.0,66.83554,-7.64593,0.0,0.0,0.0,-0.03482,0.99966,0.0,0.0,0.08488,-177.99222,9345.02897,0.0,2.5361,-0.0,0.0,0.0,0.0,0.0,0.0,0.0,0.0,0.0
19.834,649.17825,138.00726,0.0,66.83023,-7.54989,0.0,0.0,0.0,-0.03411,0.99969,0.0,0.0,0.0848,-190.99571,9341.40667,0.0,2.53636,-0.0,0.0,0.0,0.0,0.0,0.0,0.0,0.0,0.0
19.85,650.29204,137.88223,0.0,66.82457,-7.45396,0.0,0.0,0.0,-0.03341,0.99971,0.0,0.0,0.08471,-203.97444,9337.70964,0.0,2.53662,-0.0,0.0,0.0,0.0,0.0,0.0,0.0,0.0,0.0
19.867,651.40574,137.75879,0.0,66.81854,-7.35813,0.0,0.0,0.0,-0.0327,0.99974,0.0,0.0,0.08462,-216.92801,9333.93812,0.0,2.53688,-0.0,0.0,0.0,0.0,0.0,0.0,0.0,0.0,0.0
19.883,652.51933,137.63696,0.0,66.81216,-7.2624,0.0,0.0,0.0,-0.032,0.99976,0.0,0.0,0.08453,-229.85607,9330.09236,0.0,2.53714,-0.0,0.0,0.0,0.0,0.0,0.0,0.0,0.0,0.0
19.9,653.63281,137.51671,0.0,66.80541,-7.16678,0.0,0.0,0.0,-0.03129,0.99978,0.0,0.0,0.08445,-242.75822,9326.17258,0.0,2.5374,-0.0,0.0,0.0,0.0,0.0,0.0,0.0,0.0,0.0
19.917,654.74617,137.39806,0.0,66.79831,-7.07128,0.0,0.0,0.0,-0.03059,0.9998,0.0,0.0,0.08436,-255.63409,9322.17904,0.0,2.53767,-0.0,0.0,0.0,0.0,0.0,0.0,0.0,0.0,0.0
19.933,655.85941,137.281,0.0,66.79085,-6.97589,0.0,0.0,0.0,-0.02989,0.99982,0.0,0.0,0.08427,-268.48333,9318.11198,0.0,2.53793,-0.0,0.0,0.0,0.0,0.0,0.0,0.0,0.0,0.0
19.95,656.97253,137.16553,0.0,66.78304,-6.88061,0.0,0.0,0.0,-0.02918,0.99985,0.0,0.0,0.08417,-281.30555,9313.97163,0.0,2.5382,-0.0,0.0,0.0,0.0,0.0,0.0,0.0,0.0,0.0
19.966,658.08551,137.05165,0.0,66.77487,-6.78545,0.0,0.0,0.0,-0.02848,0.99987,0.0,0.0,0.08408,-294.10039,9309.75826,0.0,2.53847,-0.0,0.0,0.0,0.0,0.0,0.0,0.0,0.0,0.0
19.983,659.19836,136.93935,0.0,66.76635,-6.69041,0.0,0.0,0.0,-0.02778,0.99989,0.0,0.0,0.08399,-306.86748,9305.47212,0.0,2.53873,-0.0,0.0,0.0,0.0,0.0,0.0,0.0,0.0,0.0
20.0,660.31105,136.82863,0.0,66.75747,-6.59549,0.0,0.0,0.0,-0.02708,0.9999,0.0,0.0,0.0839,-319.60647,9301.11345,0.0,2.539,-0.0,0.0,0.0,0.0,0.0,0.0,0.0,0.0,0.0
20.017,661.4236,136.7195,0.0,66.74824,-6.50069,0.0,0.0,0.0,-0.02638,0.99992,0.0,0.0,0.0838,-332.31699,9296.68251,0.0,2.53927,-0.0,0.0,0.0,0.0,0.0,0.0,0.0,0.0,0.0
